{"version":10,"hash":{"type":"Buffer","data":"WO0lMRMAAZJOQQCuYVrDK7BM9VaN7gnyJxxSPyr1/dVYe3XamTmZNbJ3d9SAmEydGWVvPFjYANGihW23azreHc9MkEAQtovGlcfpJMUg1l/yt0c8RPz8CcN7y6tOq2YEPUmDlMI8zlJ7dv7t2uODftdB4SKJm4qmXoAjBMogeHw="},"indexValueMap":{"565wrlMRAc1X6StP9BgGClK4x7Vf/DRlTrT0S3qbOFE=":{"valueMac":{"type":"Buffer","data":"phnbU86xH/sZeb7uCD1mzP7GVgVwNw1MnZ1+UCuaZio="}},"ExCOcmVtKIAKzOC/9/fCGi1u1eJ9LJW0jhfUNM1C7oA=":{"valueMac":{"type":"Buffer","data":"i5E4qMBSYVCz0DM8QDthmfbQdtfTzZl7u38uSFzGbb4="}},"WQyAJNg5pdkq8Ix6I/S+LlLGL2UVYkBr07HeOzwnWAY=":{"valueMac":{"type":"Buffer","data":"o+bbT8eLIR7c0DpCWfexqJO/3vYB6PTZV4P3Pe8HMgY="}},"q/L2dABxjQtizeqkKNNTN17eXmVvqNcFruU/OQvlHWc=":{"valueMac":{"type":"Buffer","data":"sicfzgiW+kJsQVgu8th7GCKd+ERUo7BaRGhv5LFOITY="}},"SnjiPBJHdACRPiJ4uwGy4HO2+IfI3XcTqZEbITjwt00=":{"valueMac":{"type":"Buffer","data":"Hq7QEKZ9K842xOB/JCbNBt3Xu/v3wwSeXd/yp74y1h0="}},"DrZ8aK1uAfJFZUW1CVN45GaQTfxgLHOcN7JEIEui0t8=":{"valueMac":{"type":"Buffer","data":"uzCPagJJ/WA95XTUIEiV2Em+QwMR7oO8mbyNMvLyuKA="}},"1eA//UMpL9DsxkVdfgbleZthg9A5vSzHh/u9QQxafOo=":{"valueMac":{"type":"Buffer","data":"0jZfpjC+sqAYypPVsGkW8rpMUKxyxy9eEPgIg4OAew0="}}}}