{"version":3,"hash":{"type":"Buffer","data":"KqJP3dC8r3wNrAZicuVuLXpajcdcPN4F954CLWS4NDBA/WGeynAjNdkaaaso1DTGC0XHuLKiGmhHMJZB5gTe9u1pqF9T+9yvEsPIVEbjXZAm1JBCq+xJwsmJZP0xemSdM/GAosb15fTyMwXaCnQAna3oAXdQ/VWwYaApGmIQg6g="},"indexValueMap":{"AEi3sGnNrzOcmvBKAg+mvtCqPSTSvdutlkK8bUyZcig=":{"valueMac":{"type":"Buffer","data":"ck/jhSL8js/5leyueHrSlOhoghUPcWVp2fvy6/yndOU="}},"ASZ8+opKxDT74enNIR/2l6xCotAZ0Hs6d9VsCtTSx40=":{"valueMac":{"type":"Buffer","data":"nhjclDU3LonO0q2DCijxBrOgHP6BQvFuHGhlvSB1a68="}},"Am8iaevbtgL1HiAwh3cEIJjhO8d4w2+3pe017oGllmE=":{"valueMac":{"type":"Buffer","data":"rUSNcK848xySHy5A/T4F3nZUdfvRs1ryTe1fPZKHMo4="}},"AsyW4qomb/CNOZBJVopMLZwSBnsNDfBfXXt/6YuX2fg=":{"valueMac":{"type":"Buffer","data":"MTePm1Z0kyZWUFYXro5RJehA4G/PGmZc1SVQAexlIKE="}},"AylzZMwK1GWJwcElkAdpafd3KuCoFb9S//DnFHGV8IM=":{"valueMac":{"type":"Buffer","data":"gQHchFso416LI+eKMMEdUUiFJf5WrnHYSlrag3QzaWw="}},"A40UTTKrlYRGcK+7WpdaV8D0glckwd9MStVZ5RR0NPc=":{"valueMac":{"type":"Buffer","data":"mJtkoesNtTKIBtSZkaOX8jfRKZQF0WZoRRaA7Z+2268="}},"A8OuR+EOesd73z4JcKSNRGottr0/ZX9yOATNWbt7nwM=":{"valueMac":{"type":"Buffer","data":"HVKiVH7uZbs7lB/iYJMB7PpogbznJwBptlPdCGX7VUg="}},"BcG0eu9W6usvQu4eN/qoBBgpL3fRBPC3PlP7XIVJtTk=":{"valueMac":{"type":"Buffer","data":"2g7Wx+FBdsrx2NO4Y+YrCHkrdM0A75A2hqwVUjDFXsg="}},"Bg56NJ8v0kDWa/OOKYlnuERXWjpII54fcl54oMYH4Mw=":{"valueMac":{"type":"Buffer","data":"Ts+/7dO7CQqW6mPz/0zsLRDqSAp/rS2EJ/LQMGgog6g="}},"ByUP8BDh8axsHMyrn5eznPvRgjmjhR/hMrGuNS1eDy4=":{"valueMac":{"type":"Buffer","data":"vHvLuiG4F7tIy/IjkGaEHEuNKsf0UoFrvz0ehyskSXY="}},"CKs16v+WADl+ghGjJkEbm6n8/pUJLgfVUhsOPHArU3U=":{"valueMac":{"type":"Buffer","data":"a7Au2d9npXzXQawD0Axz7rKQB4PvhUj4t/ACfjhekR8="}},"CTI3RycZETL3fIS8Go9Ehfx7xGPjaWdX9KxN2yV+jgI=":{"valueMac":{"type":"Buffer","data":"tzMhEmR57l70MWnp4lZLDyhSG6eBsm8Ky/MvRcGs8Yk="}},"CeCLtNcFukff0/MlzdV+jG18Tkg/th2wn9QdLfEr7w4=":{"valueMac":{"type":"Buffer","data":"ZoxqQoDiZbX+d0CV05JLXXxpXPm2kctrZscXm2jrKBo="}},"CiNobL3IdDjx1w9o0USYwoTlXzP42PX+IeUDNpZM7Ag=":{"valueMac":{"type":"Buffer","data":"cdoqT6fRT5RsdCRW552jXxnK2mQcem0HxROk8t6Fovw="}},"Ckhm80OawlFPexRQJUAIh3nDPjrrPd1RGaEJCP7WxB0=":{"valueMac":{"type":"Buffer","data":"Km0zccd+3dMJJZpBo90QT0HseRWMKx2JS6NLXionzPo="}},"CqDyVu5u4PIvhtLOmXV7vU0gs2wF9JwX9feOomfJvec=":{"valueMac":{"type":"Buffer","data":"/ybKhC+8nbJol92VjMi6c7JBHKbfpmxLKkYoUAfAN3U="}},"C9Upk1cK3+W7Y18CUVJQLp0vKKNyL46M51Hgaf4OJhw=":{"valueMac":{"type":"Buffer","data":"onpdJ9X3owrUrgULK0sE7StGM1CGmn6oDdbpA35/TvY="}},"DCPUoGlneaZOeHRBxC+krdznACMP14V/CmBwy0z87Gg=":{"valueMac":{"type":"Buffer","data":"2Hp1u9liF21MF3UKgPook0DZ6wiHBYnI8uVkYa7pYmw="}},"DQD9hPy+2CUmbPMCASWMp4BWa5Wox2+AnOahv2FTNmA=":{"valueMac":{"type":"Buffer","data":"PX6ZWXN/1Yhe2SAPscy8RVvg/9AHY1NAwf5JOOnm9GM="}},"DmX7k1Tirf2yAWjpbZvnq8hzkB7MoRZ8nQwEVHMekUQ=":{"valueMac":{"type":"Buffer","data":"qp+sjzr0DwDvikGE6RIREXtSPtHTjmoCpxGlnqE7BxQ="}},"Dzfrlct1Ix5h6jBxFvKp6TORyhDPOXEE0bmUQ65zHUs=":{"valueMac":{"type":"Buffer","data":"onJNn49bMIb4AlFb/Y1eii8aHgX9du/zH/qKzfCKP+c="}},"D9aBew7NZm2F4BZppybMFZcNAcQS1fVFyNkmHDCwXog=":{"valueMac":{"type":"Buffer","data":"tipbqfL3M3Tk57xKJJj68RyiftGDXkR0QitSzoTJFoQ="}},"ERYhg3YDPxXHpSyA8L9MQKVIj3r0nZoGzVY47d/oo1o=":{"valueMac":{"type":"Buffer","data":"2uZ4HgoxJHBF3BKXTOmUbjuw3a6ylEMrAQZnv9Xkt80="}},"EVdUCWFBvAz80sGo9slK1ZL54q7uxTlPS6TkgQEDuKY=":{"valueMac":{"type":"Buffer","data":"Y+Sx6TI3XcswuEZROinQpnjVLm+aFiYaFnpSaawPWVA="}},"FMMP0MMGQQOx6FOvKiphtlg5G32v3FMAtQJpp6Dqd2o=":{"valueMac":{"type":"Buffer","data":"eWIjcVp/2PLB+TL+vcOsA0evn2Felnut1DG1PeZ47hI="}},"Fje6GJM0jBgUPJ4h/uIdgiG78GPNOhxPY9ZvlAKr5mY=":{"valueMac":{"type":"Buffer","data":"M4Iikqg6fmmZ2zSUOBoHlMtIR9b6vAxAoK4o0OsL168="}},"F4cHvJ5tcZKauCuS3N5GII2FrrzdcUuZo/+zU9iU1F0=":{"valueMac":{"type":"Buffer","data":"J+Om6itWJnHzoUSrSfOIgZ6BVqHShuMFrv12kXLbTVo="}},"GNCHCStFhznX4bU6FGlFMvxKJaRaWlzhLmvQ4qVGtZI=":{"valueMac":{"type":"Buffer","data":"3+FAVTE7NclisYr/WildroKuuYtmWN5FKrhonDwfLAk="}},"GOc8Nw4aygQlqqATE+DVRM9G4Zv1I5MhvW0fUSPN3Ag=":{"valueMac":{"type":"Buffer","data":"8TrTPHOQ+5qZx36lM7/OPM1MMnl3JXwpgBoRqnyxUqg="}},"GQSdQ4M1QENqUNItxhkNerq9I1naaD3wFc/VxGrwJ9I=":{"valueMac":{"type":"Buffer","data":"XQfuLULPVofAisKet6kxUEMPgEwpCf18BdKXkc/0LqQ="}},"GWqspxJnP8HVZfmeP+Y+Ls3qTExw3iQrdiOBCE63IBQ=":{"valueMac":{"type":"Buffer","data":"uB88j/nLpX2JhxT/1iaJ1D3G4+lk2q2idzFer2jD1Uk="}},"GlwEOnGbtVAKoyUXtbV50zJZ2cpDxxOJQku9xUbLT0M=":{"valueMac":{"type":"Buffer","data":"C9JZqZiPBNc9hwOlbR3rZr5oLxcrJ9SDuvo/AP5VNDk="}},"GuuqJbXSKDq9YNRNLOG7JLe7bFWdNOPrjakYX5+tA1w=":{"valueMac":{"type":"Buffer","data":"3zE25lnGcWI2RDNPLLP0e6SePvoZWknHL9B/Zpg6sfU="}},"G055YTztRshy8LpAzruIssnzam4UgxgNNrxrlaQ42wg=":{"valueMac":{"type":"Buffer","data":"mWa+Bxqh8afWLFjYnLhcOz/FZmNwUOr0zVaXxGqGdHQ="}},"G1e+x4+og69acbRtsqOhlxvB9Ni+MAniWLnB8kRM7hw=":{"valueMac":{"type":"Buffer","data":"toG75WivSMKpqozPjunDNLDrDYtBBwpTHZsbYDdty8s="}},"G+Lt9ChDKHTZ9eGD9YojU1uJPUkxfh/MIpleQ0pmpEs=":{"valueMac":{"type":"Buffer","data":"nI4nrbtVtRqfw5gGviYlGOvzKcZmiNovuS5PaX6dpL0="}},"HRCL3lJrX1oq0OB+czY47w95HcKVWPo7rqunlN4vPwA=":{"valueMac":{"type":"Buffer","data":"slu3yj3P4CMsppdLmSN75Ssl6kHCz8KLl02ts51U7vM="}},"HbnTAhBPmeIb9zBGMtZU6fBjy/9MTcTeRoLwt4Y0Bfk=":{"valueMac":{"type":"Buffer","data":"zycPyXzge/Qd0nTtseinXTwNVTyhr2kI0FsXGbkKar8="}},"HdIkt/tt93/DDMICTNovR+dk/SLOB82UD5UW3vcK+K8=":{"valueMac":{"type":"Buffer","data":"aU80yJ6tFkqOceQ294lliyTdzazMaLxbPtqiAAzTcZo="}},"Hq/D4SgDdcuRCLqdg0Gj981hW0LXvFLIPS8YLX4PzHE=":{"valueMac":{"type":"Buffer","data":"nKPDLAetrox3FdamIWyS5aqH6OhBjCCLEV9hQNwri4Y="}},"H11pXMpldJBRjVbdjnaw2duti0Sn/PjMgC9LzSPfNUg=":{"valueMac":{"type":"Buffer","data":"sO54DJs+RUfpkNMUCNT6IhIXpOt9zNklNbGYhy0D9L0="}},"H71ycC0dBRJesMYKbnUNjE+9T8kNW1TiJxfQhTjUUSU=":{"valueMac":{"type":"Buffer","data":"0jjsMNIIREUoV6z69NVkKaxShjJHPRoFuT0R/q4BCb8="}},"H+M/HLDnJYC17SLr9izUG0WdOgGQ7nnm/LIEkSGGsx0=":{"valueMac":{"type":"Buffer","data":"AHcASufqVkdZXv9pUkENyuvvlkgiit5P031+3HmnafI="}},"H/WK2aMDzMCyS90XCj6Dem+zBt1X8VW2FWCiyDI72m8=":{"valueMac":{"type":"Buffer","data":"javl/krxip4L5bzvzNUJi0L3vKQxFk0P26zPx509/Mw="}},"IJsiECWnIRiJEX8u/QdN7Zy62q06Ie4gb+/guaCjfOM=":{"valueMac":{"type":"Buffer","data":"oNO7hTPICUMfk6xGQIAEKU2rLlmcDCKRv4q8CLNwZPg="}},"IhMKttTIuGugNbzQX4JhZGePR70FIPiJ98S+olxW2qs=":{"valueMac":{"type":"Buffer","data":"1qdFlp4K7cX22xDfaEAmpnmlPRk/cicOVJq4MhH0rNU="}},"Iye/aA473AmZeGe2RHb104b0rTegpCR9GLFQ7YwbhWI=":{"valueMac":{"type":"Buffer","data":"3K2aB0tHe+HfhlRZHcfT1F6um9sP95MQvjLH82b886I="}},"I6UB/+RKGC0daHkhscBO+AMJSOf93qgK4ziEOgFXJ0E=":{"valueMac":{"type":"Buffer","data":"9e+9gcOVxSJAOF7tksZkxZYOIxrYye3VEybEiekOMCw="}},"I8wplKDw0C2zDuKTVgzLhUfBTHyhVyzZzRDhCcpVcMQ=":{"valueMac":{"type":"Buffer","data":"XuU1xdLsmwH1TvUZklrFKXNK38IaiETa7bjkuvY7wwA="}},"JAp8Lmbg7kkB0rbNgH4yNm8k9s5A/oYn6B+1jI72Cxk=":{"valueMac":{"type":"Buffer","data":"xKoDgINVLLLs3+Ecy7bKikyv0y0eSzmFNxk9FYTWVYE="}},"JxQc2ZOJ1ltUJ9998aATepd03VIifJm3A0XnkQweFaY=":{"valueMac":{"type":"Buffer","data":"5YOAZFwwb58Vp0k7aLrl6yRtdB1355lAuPCOL9Pus/4="}},"J69RF6ND9Qy2IWi+sNSt3upF0OdvZHx5/dffHJNSKxU=":{"valueMac":{"type":"Buffer","data":"AK3ZC+EoUM9C7rNhulX5AdLL6MC7wXPea2HMfsJAi3k="}},"KAzD2Cgftc/t+aPwCMip1fABseFzCxFyxb2Knt9iysE=":{"valueMac":{"type":"Buffer","data":"EA+h/wl71NFeMNOK/t58Ri0O3KmzvtVA+SplRC21q9g="}},"KBAivIzR9wgGjhPKOBsab0iYsfBSCV31YNdxkvmPK48=":{"valueMac":{"type":"Buffer","data":"67rspF/OwyeqqIvMv9ZFbzyFSQoSK4rI5qBm8bYhkTI="}},"KMksIh4zqpPkI6oTOmm9wm/v9xP2dTL7ZI2m2KrxTHU=":{"valueMac":{"type":"Buffer","data":"otBePB4BmwdWkF0/2tc/VibNWMC7le2s2XzwjEF5FCg="}},"KZ0m/dSmlq8BLDj7saLirZH5Ci8R70NCMmbCkkLwq0k=":{"valueMac":{"type":"Buffer","data":"mxqmAY2JfmP+r5OF6IVzEHNn/6tTbge5ChFibt3a8E4="}},"KxRjDTsTaIgbcz/umZWCiZsAwKjDAWVS6qACP8AkSJU=":{"valueMac":{"type":"Buffer","data":"102ALzjtCcL9IGoEYizXXjzZf2xy1IU3igkzoSoqB9Q="}},"K2puNhbLJ9Ay2WTbK9oOv9pYNewKlsVEdSWLu7jHNV8=":{"valueMac":{"type":"Buffer","data":"/VyJpVZXaFXkMjBDr54APlfwRz8Kc2+DQUGATOz0gks="}},"K5vVlFpcJRaUfCaSCiOnOhbWaxFQkwAzrlF3ZMlN0X8=":{"valueMac":{"type":"Buffer","data":"LgI+te4898L95/2vmtHfbGzfr4Ludh2nZwfhjXlj+Gk="}},"K+eqZ506au8e8INgA+OtvChyPgJlBSb+WKSRX7NuYMY=":{"valueMac":{"type":"Buffer","data":"JE8Pwg0uZCqVFNwxl16jtOhgR8jB9v1E7ywY1LSQLBw="}},"LKZQygadoPmCv6J9ualxl2oCfJs7rfapHWimIYC2cU8=":{"valueMac":{"type":"Buffer","data":"J67QsiZ4u62kvU8JL9XMIoYqq3nGF6ev1gqFprCbh8s="}},"LU7XRwkLR8OztbZD2s656xuGWGeGAwRi2CN8/lVLkOk=":{"valueMac":{"type":"Buffer","data":"A9B1Bncc4iRA1zLdFeLVVIYKqmMVlXXr9xXPc5yIAPY="}},"LduOkIXDo7No/pByTjpBVQrIUa572DWZm3eES+vlhow=":{"valueMac":{"type":"Buffer","data":"JvPf4zqGfB1SFr5Q7esN3lYd0nzkhZa8zNe2AvTQl8E="}},"Lr83CLzL2gX+yAXN7ky+qyKEospbIR+xv/s6XiM801c=":{"valueMac":{"type":"Buffer","data":"D//GSejCd0xHvusNwj3Yreqe52Qc/4HJKaX4KxDZb6c="}},"L/Zt36+HeaCyqBUCH56LR0qFfrIoDFwWTKtAJXsFe1k=":{"valueMac":{"type":"Buffer","data":"fnPVH45Di/dvIUeofTdhXJfiyLxWmgwD26AdVsqgHuA="}},"Mt6VFR1q7te8P4+vopelJyPzO9mVaLSvhZ5BBt1WSYI=":{"valueMac":{"type":"Buffer","data":"5ilzes27Ty1put+8OKEQtR7aIyeAprwdqf7jBlM4P58="}},"NWG4T/dPZ4mAPBYpkURE+KnICKYjrSBKYE4Zxlg081A=":{"valueMac":{"type":"Buffer","data":"dUzZ69nGO8x/UdG1znpzEpFtDXIKnYiFaGL+I8wvEV0="}},"NlRyQxVNj96QQniHXpUlN9nBzqvVymYfVddVV+cqiEM=":{"valueMac":{"type":"Buffer","data":"TVPAKMZGfVaDm/xV1Et0GaTttz2qc+hP/BVEynsfluQ="}},"NvdOi8mq98Sk/l96NmkAkqz9u53Jpsosv4efoHQu2rM=":{"valueMac":{"type":"Buffer","data":"OAf9Bdo4SSm3D0/Ubpq+rOyILdwu626XTJhMw4KTDOA="}},"OsXlN5JjHm3g5Ht+5nImGNzU1gR8CbIPZK40LX4Y65I=":{"valueMac":{"type":"Buffer","data":"kkiNyZVj2j5qi3WoUiTBQU3k3jA+Y3J/V+nsTeAULVM="}},"OzqanTwRgPu3jAk/Ul48TBfuvlT2iLrK6yzUhZcZYiI=":{"valueMac":{"type":"Buffer","data":"tmNmGLgX0KnR05YRLKWbPe/4u5zpL9ewtiIoKLyquuU="}},"O1hJsKVvlFZUIwJlB8xSYynDcsGKWbeJYOU84wUMH7A=":{"valueMac":{"type":"Buffer","data":"wGg1TgrcBPCxG0Ap0XvwQQdVZ9N62J71ijV9cDYLjNo="}},"O5YYUK2fTxu0F3ERU9xj7E0DnXy1stiCpSkY/2Qzqjk=":{"valueMac":{"type":"Buffer","data":"vBjJ3rXfzP5dL2xnF/qfOTutnt3+FEycLhLaWjoEH40="}},"PEGO7+y9/WVpkx/PlbUL6WJYcoxUc3laIL2qSq294zM=":{"valueMac":{"type":"Buffer","data":"kxgx4lmP17h9kI7tsSomvZJxWWwjy4I1UqgsWl6bt8k="}},"PTP7s5FilMtYe9SXFaYzSWG/GTisctrc2nyrdKT6FIg=":{"valueMac":{"type":"Buffer","data":"C9za9ZmY5BNq6zpwjGzA2+IuMEupCs/39cJZ0w33gaQ="}},"PV2FyqD0eu5wG58O5iadrTMpCMPEyd4B7msI+TMVLXg=":{"valueMac":{"type":"Buffer","data":"7rpmsp7PaKIBbzgk9SMpFrfr4sb4uh5fO7JsPvIXBoE="}},"PcalLSrJEOodz7wDMtk4UXvwmwiQpkKqIO4WqTdL6oo=":{"valueMac":{"type":"Buffer","data":"XZ5xQKMK4loelNKio6MetJoTXtCrizhdeOF5cvM2Slw="}},"Pf9XJij8t4s5WDqeE+BgWGk9YdCLGW5PEkbyU4oJnuk=":{"valueMac":{"type":"Buffer","data":"OV5UnYs1dDAI2qv6PpUacxi79l1BpANpyDLhTohQd8o="}},"Ps66+u6nw9Edp55hGrabYhX/iVqHu9y/Dc05mYe3buU=":{"valueMac":{"type":"Buffer","data":"8PLEVCAfBIHqBhK/sn0MiA6wG0g3TY+21ZTPYIFQaOs="}},"PvkhafM6H+C82XZZ6P6wVbiX1opKXaX+Ogl/cVfbjok=":{"valueMac":{"type":"Buffer","data":"eEkC5oKA+lhUtxJ7mRRpcXi3M3+OGYgJBIxdTDB0X4Y="}},"P+Abh4lrrHjDIcspH7hjEkJpgpjlT3eVfRjFWYnJp1U=":{"valueMac":{"type":"Buffer","data":"DyXSnr1BgKHl1e7FZFeWSVP69FrO841gcCESl5QmIwU="}},"QAb8UmUPeOfKb9f/q1LGILkCtdRli/5WUECN+j3+AO4=":{"valueMac":{"type":"Buffer","data":"w6UUeXxN+UlFoUz5fmqnGDtsY++JsK4t/+ufMhXSdoA="}},"QX6YvME1ZI6rndwK6qm+RymfPxalqFlZkMnrygJoltg=":{"valueMac":{"type":"Buffer","data":"3FWNEKiShcCs41IDypie/QQNZwPUamBXUElqoUAODDU="}},"QmfKFsFvMiOYmHymRFzW/9C3kYXFxwac9XObAw0yHiA=":{"valueMac":{"type":"Buffer","data":"p6xjAWeA5CnykOLzb9Ra20NLLeE4l5DpSGE2MTePmlE="}},"QukSvZbrjDf5witPWkfsf3SBtaWx8HJu34t7eFq0i2Q=":{"valueMac":{"type":"Buffer","data":"okOUwE5akX/nyW94g8qzWBnXPg4Pk/NiW6rvCAkHbcQ="}},"RAaQZUt1DHtBfb6FiFr30KMzlXGgfJplZcmSkE5PEbs=":{"valueMac":{"type":"Buffer","data":"+VPaoXqRjGwgqccZkr7B5NFb6lU/NeWQibDdEMICT5I="}},"RINJnqJ//JpcrHA89T/P03I0ObfCi4awo5QTWKvpsrs=":{"valueMac":{"type":"Buffer","data":"aRmnUAcpc/+Isaym+ngKU+MiSuf+rcScSTgX3LwFcMo="}},"R3BfuVpDoGeI8z4ZKIkLw8eTm7RVEN4m/hrCSNIbhc0=":{"valueMac":{"type":"Buffer","data":"d+Izn2fsUWMSsPX4STGJibveLpsagzvkwJbLgmuBlL8="}},"SUukqvBBpLEbMXVqGZxYDeN7WBeBFJnByCrvEfTOhCg=":{"valueMac":{"type":"Buffer","data":"Oo7ADBCNhtmxZpqkhWaEYtCq1a5uaTubekb2WaInqXI="}},"SZ/rMjVOp72oqUjWQZWoOak9drlV/beeD1z0W68o7aw=":{"valueMac":{"type":"Buffer","data":"fSRJgaf30D5ychEyhyoG+72pmrgjkwbfv5Q5khuFyYo="}},"SocFwvUAQDGmtwTzHpw7EeMOyajs32+DnDw9tnTLwRE=":{"valueMac":{"type":"Buffer","data":"fn+Iya6SBe0iIFCFQzPCRm+l8KHD9W5JLSYdoG/QEhI="}},"SqD0ZG1hn/2kyJVCJ4jU5Mo+Bu7xCgHQdnmIxOlFYBU=":{"valueMac":{"type":"Buffer","data":"eKTIavVNvO6RSsBmwZvtiTQ6IIpbLx3u6CgtK5wc5s0="}},"TOTpVUvJtATaQ6NL33arBk/58tDNovN/2bBMlJ++A58=":{"valueMac":{"type":"Buffer","data":"ouj9JbJJQ06LU71uHz/bYDl/GxggTQ+a7OqCnyXGeSg="}},"TTzStgWb8yycb4SN3kaCaIj3SV6zcMBQlJmVIWtEPSw=":{"valueMac":{"type":"Buffer","data":"0gAcfm55y46TMyRqzYTqTMs0uKUEy0s1j+Q2W6W+nWQ="}},"TX4PN0iJd+wca38Z2C0IXjreqsT1eg19S5ZFTSkp31k=":{"valueMac":{"type":"Buffer","data":"QDRO+57D/4WS9gtuqqmZoEyqTc2di+T9Jn3QNc/iF14="}},"TqAjKfBKXCeukqlMtVkAwr7EjEFG8CkuIrBzpERRXCQ=":{"valueMac":{"type":"Buffer","data":"7Q6OzWmDl6jv/oWzInQ1ZGZgTJ4a3oXsHfQXvNLPz88="}},"UDjYu0V7niySuGVjEPce25IoERto9bsJuLmI6QykSDY=":{"valueMac":{"type":"Buffer","data":"GIkchVtlAySj7/gYfgMOjvYiNLYkL08Of0HL91D/9do="}},"Ub21m4QjilwrCKDeiqCNeBhdHb0RYDkaFTb58AjQTyU=":{"valueMac":{"type":"Buffer","data":"dTmqWdCcTOE0GKsPKLbJjUqZDacbKfWFXVC/T9f8f80="}},"VXLqYrBMJAhiZIOaAApl1601eBreAaaRxbSp/yDamU8=":{"valueMac":{"type":"Buffer","data":"EyKiMxRx7uQLNXdbhWYcWHrt1eCi1LNHf/qswKW040U="}},"VhZxCGcYbpc1NtS6y0ZpYPyBNNwygpNLhimhco2ahSI=":{"valueMac":{"type":"Buffer","data":"N4U3Gg9M2VhEF0FZI1NS2MAnzsTcv2nyAlDd2KRDTTc="}},"V4yoqzt8alzmTq57533LH4cFD/6o/MBEmGYIBhQz2fc=":{"valueMac":{"type":"Buffer","data":"lnzLqWttHyINYYfvY9hEwPTX2iivfqu/RDgQy9QiTCo="}},"WXY3EZfkO81FiMXoh4PLNBMqfuu5eZkmgR2wQykk3Us=":{"valueMac":{"type":"Buffer","data":"tILjovm0L18jPfBIN1DV3Hhe+abJBILMhL2oqLJV8W8="}},"W3fl3ARsE2xURJJil22Gm2Z7QUqFcwCvdRdivut9uqY=":{"valueMac":{"type":"Buffer","data":"UjDuahswonBIxL+IjC4lYT5QZFGkZDuAdRlRQl/tA2E="}},"XCYfF7ndkou6+BdQZ0mvP3I+TpAEj7eIBdmGejdjyeo=":{"valueMac":{"type":"Buffer","data":"WXXC0NP/66yHC8IsA224kdmS+AyODK4WD+Pq6LEBPHg="}},"XSKnbng2Fti2LeQp8Ec9ldvxsqo8q6QS5X5A1g+ucLY=":{"valueMac":{"type":"Buffer","data":"jutBN+xForf0e4UBxrQbtMMq3UnzeserLffR0RsUNTw="}},"Xodtq3KPPfxa1++RWufMmqU+19Jj5OplSuo9ooujq0M=":{"valueMac":{"type":"Buffer","data":"HhL7mBf6gFD3eCf3gXoVoChPpg0bDoramC5DeD/5scU="}},"Xrzx5pBuHEmS1H0LvlgTCA07ShT63pE1+xZ39qOy2N8=":{"valueMac":{"type":"Buffer","data":"zdUdOGYDmSbjU17EsMkOgaoeupMSoq5LFI6KBSkvuBw="}},"Xxtx5QazGTc7esT6DFp2hOs458QFkRvTWddUgV2mhNg=":{"valueMac":{"type":"Buffer","data":"98Gx2Ze35JQ/zAh6lHw6s/uIIRaHKJ3kjIU8hWDJayU="}},"YD06ZR1rKbezjpxsCQ3/QOaSs8vfH3bKZANKmUMLq4s=":{"valueMac":{"type":"Buffer","data":"TAVtUXyYeKf12OooKeF14mCLoszaQnKQqfg+KoT56vs="}},"Yj28hyhTNivfejmwnM6eCtFrAuI2QU18RtEoEV9AwUA=":{"valueMac":{"type":"Buffer","data":"CHmc5vqwnG4t1FgRzF4bG4R1Q12+E3kZlp8JBpCj/Po="}},"YlHIG0Voxh04NzFCCrUM3Usu4cnf1c1exioEhW0VUDI=":{"valueMac":{"type":"Buffer","data":"fxZ6n0i9XzatrsAnAV1fG42YrrIeoD8jrEXI7fxBKlw="}},"YmQKnqkCN/ZUsDAYmMytqRpZVCqtzgqLk3JR8Zu9axQ=":{"valueMac":{"type":"Buffer","data":"oKtOfuF9CQ83Hpwhk0b55sknLwXeqq3jMhzS/Wjs6NU="}},"YzCJmnWN3wyGPjE59qV3+J+sbUqIrqgtCNPJ8xwXhyY=":{"valueMac":{"type":"Buffer","data":"QL8IOG5wNU5F5wPvKfd/0OsimB2fGRF60l/Nh3mtFI0="}},"ZNswuUgqgDqzfX96tjt8jTsALz7BDGWt5ychzSuOOrw=":{"valueMac":{"type":"Buffer","data":"+o9GFC03KoX6+g9eaWx+YDeff6k88ME0p+VgLuveeAY="}},"ZWrvTYMmiGFfDKKFCSs0jhC17fDn6XL1nV+ODcKRIjk=":{"valueMac":{"type":"Buffer","data":"bjWoBDyuoMYjNuxDXAqwTnkPX0M0XpYGvuaZv9dGOms="}},"ZzA7pXp5YBKEnZSlqhgF/FN82TcAuE1eoIbnA9gicsA=":{"valueMac":{"type":"Buffer","data":"lMbHf6cv/h7LfJCg2T8P41jhOJrhN7oPQaEptif6Fzw="}},"aocY7e/KGQgGEPmeSReoAwyD8dUR+GVOgzUNP+/5Shg=":{"valueMac":{"type":"Buffer","data":"4WfoxS+NCKSFTUauavufiHH5s44u1WKDVZDit27hk1c="}},"bhMvPnpVcnBRfkC1jwReKR5/p/iY3TS2u7Ft3uOnSSY=":{"valueMac":{"type":"Buffer","data":"1OZyckVwIuOwt9vp/pKkQrSXWqnVnRRI4ag+WU1z9TY="}},"cB+DQyVIDIn5DrqEpxBeHEVZ+jOnln2mBbGh/EanqME=":{"valueMac":{"type":"Buffer","data":"gGWWiNRVdnJPDqgiUV2kOl4SMPl27YPceR4+kvHvizs="}},"cqN5EgT94s8yu8YTaSyzTOeXryifq4T4Xt/kfjMp5uc=":{"valueMac":{"type":"Buffer","data":"yQqsiNRi3AUubnBch1hYbeh9Gpg4D8GZn76cglSZn1I="}},"c4MQepPUtyeH5j44P+8+o9VqTmrdbMAFDMbaa18ucQU=":{"valueMac":{"type":"Buffer","data":"vJjcWa3Du6B+rRu0GJo4xHh9mVzb4ANKABuw2i/oz9U="}},"c4aIIUjDqpvhuXVCsWOzgw898IdHDKHiG5ebwDNz2cw=":{"valueMac":{"type":"Buffer","data":"rrNijKWBlZdKs+lIHqGcKm7PpCER20zB2y5PYyDP6oc="}},"c7fNp6fmOZ+hgv4GnbFs4PLySAkJ90u+N5YFWezDR3Q=":{"valueMac":{"type":"Buffer","data":"fvwhMA6rjjtMhP3T+iSvuVTGZ11azbbprmYNCyQUgaU="}},"dI/EVCuuhqRnD9wo6N97aVsD3AR+LBiCbgLnTQhm4fY=":{"valueMac":{"type":"Buffer","data":"xOREOK1D42QNgr50JrR/Ehw2DFgrb4vO3JDDihzuTXM="}},"dY1zY0Vo8FPe3q/UlPcQ/kxMOnXmvnnmu/4TNrChfAs=":{"valueMac":{"type":"Buffer","data":"REAmS/DsH0iF8aWQusgZ9biKoMBAwhS/6QL5MjBarCE="}},"dibUVZbqKIIpt2YhwMxU3XVi7OYAlbdTuv6JDphTaCQ=":{"valueMac":{"type":"Buffer","data":"kyLlxxMwfWQG67thrfX6kK4O2kyo9auJMx+u266qoPs="}},"d2DMGwVK0rAaMXoO7bAVtaVxl6n916ZnUr/NC7jWeGw=":{"valueMac":{"type":"Buffer","data":"IE6wlEuBgVKJSIdI4MJm2+RU5hEBhoqB4fWPo2PV+k8="}},"ealnQpF8kx35Eig6pFJPWOmu56vdp6p9BWt//AfD2oE=":{"valueMac":{"type":"Buffer","data":"B8NuZkNOmDeGLn8aGKgQesCI0lRqM4zWYdAgCbR/jJ4="}},"fEXxt5BcTOEGDMXHK7rr6en+NDwKncdBJsgINVfIksM=":{"valueMac":{"type":"Buffer","data":"rbuWgncz0sCqHuvk+PGrXNwYtvHdURPf8fF60jnkVKQ="}},"fLEPeeFeQx8mD38HGBQA1xjBfB6+DE8ef+cWB620xJw=":{"valueMac":{"type":"Buffer","data":"xZwz+I/q7Q/m55I36qxttsIT9EnTbZlvSZ9tk2Q4zMk="}},"fS7nyfPCxwJaoo0mXJ2faY1H3Nj6l9z/leYzgfRGjtM=":{"valueMac":{"type":"Buffer","data":"iR0Y6iB4G7iUQeCo7JLNzyj8MYudqbsJYUGxVyiLS+o="}},"f0OytwB2sPF6wYLl9gnrs+DCwg/DoaWkSgO/zuxw2h0=":{"valueMac":{"type":"Buffer","data":"DvHkB9GGMGGqB56KxoMcHvjkqE52ahtv43jSumHnl2M="}},"f2bLcusYK4PvU342DDki67R0SjtADlmQ547xRq83D+Y=":{"valueMac":{"type":"Buffer","data":"q/1gkD7zBZaMlDgwEoX2kthgaqDHe3j/WZbbL7ie9yY="}},"f4InWMz4upmoToeaOMO61Lhvm35NCKgjQsjoTPB1PIg=":{"valueMac":{"type":"Buffer","data":"7UHH+edtSXfop0e2yvUokL+v8QPHArVKikzxgS9qNnQ="}},"gZcXmg5hfoURKCvF07CWoK98bSkZvKAdLJ+RjbXmr/w=":{"valueMac":{"type":"Buffer","data":"8CgAYkpVF/A2m6ofAmIX5wrXiW/t916mHNpAQmDIzOA="}},"gdri09OidClVGNlVVXt1CO2QWxUUUQdY8yGx94gm+6s=":{"valueMac":{"type":"Buffer","data":"00gsZNS+D7aUD4vFpGvrVITlaVu3gWBrFYhkSZA04Gw="}},"g1eYRQ7Iaa1o8+BPhzj8+F+FxrSqaZ1+0gSzILH5Z9o=":{"valueMac":{"type":"Buffer","data":"Tp/GALJ1h0qkdKw4bhTwbMmjIJYt2oPjMnQVeXGAOV0="}},"g1259yiNx7hC4BMPPiPuB/QUh3c0KsJGmvdSS6LmhOc=":{"valueMac":{"type":"Buffer","data":"t6jvgtO8zr98RZ2d6jw2POvLjDkv5gEFS0TrxkSXmq0="}},"g71ycHcYUG4XjtwhyKSfzBksdAMhFhFtNgUBMveYuls=":{"valueMac":{"type":"Buffer","data":"L+F2rqWA4fsY6rxTBTCDvQOf6r+oF//NaPV3CWqQ/r4="}},"g85zmjL/kcmxQU5bnmeFMwmQiZRYKl2fnbRuPKT9poc=":{"valueMac":{"type":"Buffer","data":"A9g05plYXpi+URdGH2RoeK7e9QihdzGf2OHj9Z323dQ="}},"hEXceWwHigTHcTQVJv/016Il8aXBD5PETl2wpidKFqo=":{"valueMac":{"type":"Buffer","data":"kjYt5bnaglMIijAs0lsCIPBjG0m3TynJ75uQkcGQzhI="}},"hb/19GBMfDbl6kIbiBcEGQhdy1eO8upMVk2GRkwuUrg=":{"valueMac":{"type":"Buffer","data":"EPG5i4/cvSjPogWPpsYPECvxjfHHDxgYnv5qmw7G3LY="}},"hc+D6bhmTsKyxRzHWIl9T7pbwnirYRWI7LEx4ge++BM=":{"valueMac":{"type":"Buffer","data":"gf1g3XkEu9UPnPEkCIu/VJaKcP9ik85JM7tliBxQoqw="}},"htBdHJmU67GREp+0zkBnLa3Fg3evyHjZ+6ZXmvc2o0w=":{"valueMac":{"type":"Buffer","data":"DyFngJC/CHJ/y5+398I0nX6CIBfLhYgQrOdXgYT+ZlQ="}},"iJxvSE8iHIVEb+jPo+YpwB2DDeEnDEd5LXn7xV/eXQY=":{"valueMac":{"type":"Buffer","data":"DHGEpl55a8IANBukcB7N7UKxVRfsucm0LYG1/d9VpHk="}},"iUm49vMvworHMaOtN4jagXRoy+oFwK+oBevzLmd5dj4=":{"valueMac":{"type":"Buffer","data":"SNBheVLU3Moc5gypbgjMLU0vjOKoie1iJJSc6sYyyBI="}},"id+qvrFdLtjyQWB3ib0rr3cVw6h1fRetEyVdlvoAduU=":{"valueMac":{"type":"Buffer","data":"B2vHOtc5fgdQ2BqpnzLN44JTQ5D6IOkvy5qMOorXha8="}},"ijqHkYVMCcq9schrjUug74U9dGbMiv6G7CO4VunDLtM=":{"valueMac":{"type":"Buffer","data":"R81bpaMzPm39wJk/qyTY3h2Qha9E3age3UJ3c9KMiBc="}},"i1pvp0pF6h/CiOqFob8LQzRQ2dRlwPpdonWrsL/Z6Jo=":{"valueMac":{"type":"Buffer","data":"C6polU+Ecr4A/TWPvPIhLDnElMVl37Y1o4qfw1XVg74="}},"i2w8eFCDQaR2x7IZQOjazBaoEDNa1BCKXqlxs7AME9Y=":{"valueMac":{"type":"Buffer","data":"WdKVIoOTeBMDVSD3o6O534FGp6rGjP9GTI+OZqQ+j8M="}},"i4y8hcqZimMA/zfIP1aYAhT9gOfQ1O2OFoeiYSBx7vc=":{"valueMac":{"type":"Buffer","data":"C6ChV9UzMU7xr7lVQGyEDhYD6W1QgEC06dDMg0aTsNc="}},"jJUtNyMVnh/x3UWNlA2sjE1Hwf/rU64iCmtkWn8ZD6Q=":{"valueMac":{"type":"Buffer","data":"fiaq8+yH9C0tMIAsfYJil6v3qTUUluLud8276gPRIBE="}},"jilR1nbljfyqiwdRZrLwtuh/Qq/oqDjgqviK9EgtpOM=":{"valueMac":{"type":"Buffer","data":"CgiLP5nePiD7ngDavcXVk55XV52OQkLDH4KONRf34wU="}},"jupmPABl+XzfWgWxgku4WOW0ZVgN6skQrhd9DiYUnZg=":{"valueMac":{"type":"Buffer","data":"dSRqal3HR7Tj0uIdrJalwz9uAhr02A7fd3ZAVWuRAXE="}},"kKeEw+w/xNmywWMggHRBxAmm/60kq92WNsoYdmLxRLc=":{"valueMac":{"type":"Buffer","data":"9ScMQKHugeodjurmvf1vZf9+YMggObfOGWs1xyg77VM="}},"kNT1SKBMCd195fwJr7VAiuBOXBgvAT8cDCX2AUBdl5A=":{"valueMac":{"type":"Buffer","data":"v2LT4LuZ/HSER3MR15pZvffqKgM6i/+T0qkmNgG9xpY="}},"kQmZ+Whsyh5CAmhmz3WtMo50uIO6Vx87tjUXvM30G+o=":{"valueMac":{"type":"Buffer","data":"df/lSG0FARryhCy2WKQkXcdQ9CdewwDj5uDaF8eNtKY="}},"kW8iF4mZDuMSdrQDmaQj1cUmNUJqa1LrcUkZqiPuZ6k=":{"valueMac":{"type":"Buffer","data":"QtMMyNzDRxluAbeeL3q+I8GYBUuS9XAT1IlKTzfDe3g="}},"kdLEkLe/j3id3YG3QwPicYca3dio/zltkemfMS5wAMk=":{"valueMac":{"type":"Buffer","data":"2rmMwV+poSUMfzhlOylo+hNkcabESR2RYVFj2XaeiTU="}},"kmPmIRPy9ZQ5ZKkB6P12h+pePwKjKB1gR+1CYaA9QMo=":{"valueMac":{"type":"Buffer","data":"U26wn6VuFdoKllI0YgutQ7MYvWOI75nGa6aqSusWMAE="}},"k/HDVQTsIfvfEa792kV9UOdm12EKzYu79QD3JiLBFF8=":{"valueMac":{"type":"Buffer","data":"qJQIRCV3hqSTqR7TABmqXUb3VQgClTIEcfeC+ZpHjuc="}},"lP3dqabf6K5kaWolT+OGB7FbwYJARDxHTFjv5K46jw4=":{"valueMac":{"type":"Buffer","data":"hlWg2ktpe5ZFwFqET0srggAkWVXxhuozbVkDvvGAtn8="}},"ldU+tMDb3Xg2NcFZ9wfokgpacF3QHD1Q58WGKwwM3kY=":{"valueMac":{"type":"Buffer","data":"qwsnvowRF3xJ5Wc4s7K7Fls7Vi5CcgXIoYfXPUeDilc="}},"lySee2rvCe7xAwy4SC357IrGkUuZYyOKEhJGkcH1DSY=":{"valueMac":{"type":"Buffer","data":"C4FPtl3+RTGPcfF97+2gPhoWrT9rPpsCFA+AZ7pFacc="}},"l4fRxDtHGCLyNNkJIacjcl/kC6SuXtk/OTUf6FbAe2U=":{"valueMac":{"type":"Buffer","data":"Cdq1IoxXyvIdlDvKXWslelIEnvOdGZ3LdL3us0OFoFk="}},"mkz8uoE5sUSeBKwZpOm33hP4AKjiUO0+SflXba8YQos=":{"valueMac":{"type":"Buffer","data":"asaa0sM/ajqW0RFD9K8sPMyBNgVbqS0dJTg5cuB+q6k="}},"mnXFghMB+sCzgt5zNLteAEAXPWBGZ3Y7Ae8xV3rmF4U=":{"valueMac":{"type":"Buffer","data":"M4zaj3BQ7HF7fyTciahg5IZ6K1tKlTgYKl+QY2bdca0="}},"mnfifNcIXHDkEBWkfdGi3TtqKgTwxVwCIkV5+sDxw9k=":{"valueMac":{"type":"Buffer","data":"6F0/aYOdpDSnCUObaQU/UxW3itt5HmGVQIF2236D++U="}},"mpCv2ojaplmaLlNCgQkSQHTJ+OhXmnPTtWdNwRLtqds=":{"valueMac":{"type":"Buffer","data":"7/EhT8RrevwSzZtPoZxeglpBFn47FUhHEODCIe2Afu0="}},"m3N8WpsL/zq7Xhkzx5PUnCUZ130vktczt9/6k9DrLPI=":{"valueMac":{"type":"Buffer","data":"HYENgb01ILIlLHXD+x4PTY7pZhnlfvXC4OfQkJCHlHo="}},"nU9/ozDMvKuxEpI1dx71tduJXArx/5t4WHQfmFKdR9o=":{"valueMac":{"type":"Buffer","data":"oVRyNb5GWBEkh1G2xfZvTgNnQ3zx79osrDwZx1ruX3s="}},"nhjGVgEpOFt8LR1geqKMHz27k24Vgp6jVhUBBIN1T64=":{"valueMac":{"type":"Buffer","data":"ggPIBmIgvep10K0NwevK38Sk9xrqifQsBTTZ78Rrk0k="}},"nnnn2w53zsxzfAueidP0nuh4KRsaWoeC625IFsynxns=":{"valueMac":{"type":"Buffer","data":"GvMP5qZlRUu5aB+Kr2+MEXdpBN2oxbWz+TgGnlcGPnE="}},"noBoUKqMUWEqHjhF46xISGIxTq3Qkn2AcGMkZJUwJjg=":{"valueMac":{"type":"Buffer","data":"7fOCtGKJGcr7nQBZsVhdc38aH18UzyTo06xCYkoVcGE="}},"nxWlTq1Zdbk2Uf4n3x60cpNSPf2Lb/gB5WvUcMXoFBo=":{"valueMac":{"type":"Buffer","data":"EzCH9DlyVz1Tn4QrUq/ZerfDhgd+YyziJHUGxoaJKtE="}},"n4e1f9ztU6rth40QAoATvzupbGCBrrelJMfD4Y59QsI=":{"valueMac":{"type":"Buffer","data":"IQSPleqOv41SleUpn0LNy/PzBb3UM2ek6iC2nDnXMlc="}},"pLqZfQwwGcdugWpsP7JOpA7IPA6fAxz9QLnTqaN4kyk=":{"valueMac":{"type":"Buffer","data":"/LV3fZSkrhBJKOS8rY1mU7q4n0+wj5YKMp2j/BYQz+M="}},"pj5wj2vPhJ2+ebAIUMPueZT+9fMYiqOvBOVgpXbUtf8=":{"valueMac":{"type":"Buffer","data":"bkhobCIOiw6gHGOBnI4bqdX/IyomKErngtTPYK+IHxM="}},"pzCVyxZgALH+D6xUm6ClqXCQPPbs6A7IaGwfQZ/vg7k=":{"valueMac":{"type":"Buffer","data":"I/02domptWitjv/61gwOSeTD0Zs5mNlNmVe+JFFSMRc="}},"p0n55KkoLXt2WPhBjKpj/c1Kqy8+Nkh63MoY8yWMPaY=":{"valueMac":{"type":"Buffer","data":"XTuYxfJM7GwfKseSjsc+Kpmsa68nbcP4tKt9v5zV2uA="}},"qFXz4iia0LK7sA0hD5xOgFL7oNkPZX53xRU6U2MapmE=":{"valueMac":{"type":"Buffer","data":"8OpwuwQ/lgOVgcj1t0Evfrhc4PODfxrMxo2FnEFLptk="}},"qalO8C8DlgYzWAuYX56G5lv7jEpBvlrNTL0aUlQpFa8=":{"valueMac":{"type":"Buffer","data":"p4U8ypN8c1fGQZKEbJdrFsFnxc1gnMX9yuLneYl1VSU="}},"qdBTn1RsFHIbVWg/WYHPr0FINpsz3omrGgquuu/lpA8=":{"valueMac":{"type":"Buffer","data":"o/dzNiBZtmkWIPACT45KtKRrDkoo/NR+cMd0SJ/12qg="}},"qsxTEqGSdGjcYIGX8zC/R1EHBI4wLLcBs5I1QaW31uM=":{"valueMac":{"type":"Buffer","data":"/uYRJpUq0p/O7IRc7rMAUi7giJkCAAtEDcOqDlwoHs8="}},"rM7MltD6C03jWo2m2v4HWsovnwajZw+RPgaz2KOnf7c=":{"valueMac":{"type":"Buffer","data":"1o1zWcfrn2xOP1IQr6z3oRjIQJTBwsmPl4hYMH6G35I="}},"r50QJ91aqtG4vWccVMlGQz9IqvdZSdUB657aYG/AwPI=":{"valueMac":{"type":"Buffer","data":"YLM5MofpXy/J/S6hXdnDA2g88Ix4tPGpOkUqw9g9D20="}},"sA7kCRDd3UGXpBM4R6vVu8sXm6SZGV9qhD96HfHYqzk=":{"valueMac":{"type":"Buffer","data":"adIRPRmE9WyUqbUOYuQtSIu65IdkydrWOhilWteUZjc="}},"ssgPEu4WzRr/jzou95mswTs0ixrHTCL9bGvE5mX8rR4=":{"valueMac":{"type":"Buffer","data":"4kxKTlBqwH20ROxN8338ELqD7kEY9PLyr7ubV30l8As="}},"s73X0N/tCKFLMWetQcf+bRISRgo44p3zAMLwhO77bu8=":{"valueMac":{"type":"Buffer","data":"CixVhroZRtae/zYDenIbYV0/pFy3CFjxrACfX/KBrvE="}},"tC8METcdSk7sVYR5Gfb+1lm7nA/syUlOJp7QmtCOL5I=":{"valueMac":{"type":"Buffer","data":"6HvNBP4urWEFPbirhotLWKXQLBCv6bTPOdT6bVLzjE0="}},"tYhyOltAmQ3TGrHPFERII5Dw9FSeSqdXjrVniWyvdq8=":{"valueMac":{"type":"Buffer","data":"d8ZW9iqjL0kXB/hVZNsvd1Mdjo558jA1YBANfCg5/9I="}},"uIuxbW+tuJSNQUXv04VUmx/WKACLkcHYsrIGHBBZYGE=":{"valueMac":{"type":"Buffer","data":"hI652xE5LOZE8NdhbpPjplQ0wo7XD2Lwju84pK34jAc="}},"uLrcW5zM54GecEPjaZM7kN69t+jLV91UHxUCqVZaIyI=":{"valueMac":{"type":"Buffer","data":"S++SwDOWFJ8litgKliKtm9TzOYu0j+lw7pmT7F2Doio="}},"uPVvRlOJMTXATGyq/9eNQAxKXoMcu/CF/uCsqlWVOks=":{"valueMac":{"type":"Buffer","data":"q9Rno4KetATBx6dK47s0zdFqze7+l6c6WvD2oPJK9u8="}},"uZR2+0rJPqmvA5DQovRk0kbQqjx4YsuQ4wa1xlcGXCw=":{"valueMac":{"type":"Buffer","data":"t7K4PFt2B1pBLPG7Mcu4uAg+bEFrqH8y0fp2v4AEKew="}},"uyxyN0y8doXz48mf6oo+Jszpzx9qHL9XbBPYZJmc1E4=":{"valueMac":{"type":"Buffer","data":"TTw+vzVLbfBVkh5tP7sXz0uqcKdq8j/VQ5GvjweMPfU="}},"u2QB9R5koeFGHOaIha3EdgaNsN4iZqutYyhrc5BE5j0=":{"valueMac":{"type":"Buffer","data":"XAscyc0a2erIzJvA1oIMZ9WGXWbyVFDzTYukooZ4N+E="}},"vD5IjP8Pv/22ZkBF6uNtv4+7sMKKSCBLTekttn9yB0E=":{"valueMac":{"type":"Buffer","data":"hO+xW5pnMzkZ6x1pbTIgPaZy09DWKwrEz4m8aV+eeVI="}},"vFS6CVdZG5Z+v/DH/Y3sGNxl9Co9FuQlHf6ebz1VcZw=":{"valueMac":{"type":"Buffer","data":"oQ/wBiq/9DzyRs8D3rn8sIsI31Hlz7ItnI3/N+pkLCA="}},"ve4wuObAwRFeysAKTT807+q96mG2kpXcq13Z6+RjOBA=":{"valueMac":{"type":"Buffer","data":"HFPfB7w7LJtOX2U8k9MLyoq5OSL+wPLYjsBDtm/Il9A="}},"vlW/S1B/3YsD95nC1IKr8UoEisbbCFk+HkUjTRwTFD4=":{"valueMac":{"type":"Buffer","data":"BBotrZ4WInY/ojEWURQhLxZciZOmLDjTk2eRnltCBXU="}},"wL2v9ELt8yCa/2G21tJkABoogT13CHTSLxTi+7au8QI=":{"valueMac":{"type":"Buffer","data":"clyg2FLAcUJCfJZ+6UbCaZ8uxuNKfFswvb0+BeRqk9Q="}},"waqyp18IGnYvRWcMLybvXl+GzJiktGMHxwkdNUWZx1k=":{"valueMac":{"type":"Buffer","data":"pnTLtqRd16Hzg2e0ln2W81j54+r8AeS3XxDwuEnshms="}},"wfFzE4MRDptZOzQ+opZcinOXscwURxexEizycOM/5Os=":{"valueMac":{"type":"Buffer","data":"wT/R9Cls5dcNr5BHZTwnKqdlTzEPtuPQKcfeGRdS3Ks="}},"wzIFCnRpz8EU0uuvme5XFLANK378XdgYRtVoVD7HVdI=":{"valueMac":{"type":"Buffer","data":"NixfDXff3N2KzMl/Zl2sjqvyNpVPh87mkaS5iciwoEk="}},"xaCSv4p/6pq+uJlMiQ6elG1WMKxNYqsx8XN3HjWquF8=":{"valueMac":{"type":"Buffer","data":"7IZakwR1gcWje9UyqW7B4ApbHpq6RUyTSharN6N8hVE="}},"xaKrNDYKI803Z4jMNzEpdlJ2wvF2cOAIv+XUE7dsKJg=":{"valueMac":{"type":"Buffer","data":"Go0Np+pK25KesuVpxcgdqCqLbBvwpFMyYukn5ldC/4s="}},"xwr+6LZITPHl/WZd32Rob13/q4td9Kgq+OWxeEHQ/7g=":{"valueMac":{"type":"Buffer","data":"rFw2tFU5ALuhfG9Vg4lla9KuIbIUuWksJVcBR8Li/+8="}},"x0M+bVaU5DFbpLLONS0bHHl4FRncOVm/UQpb1dOLESc=":{"valueMac":{"type":"Buffer","data":"6z4TU/m39jx5z/xE0UGE8MxCr0EuWBZG+/wR1p0w5BQ="}},"x5hp9H7bzlmGbIesPieeKKzNn+DxRQoURtRBqfJq6Qc=":{"valueMac":{"type":"Buffer","data":"MIxlSUYJy0qaHV1kKWUvov2JAF1ftld+s3Ye6OvrkM4="}},"yQQEUi+tSTei6k+TYwOYbzJQAySNhXob9fOUZtANFP4=":{"valueMac":{"type":"Buffer","data":"+jJE0xcqUinor24gsvgSfbajpP3M9/XK6Lj2tKK9U/4="}},"yRl+VQBcsHe+sCkVbadqEHkFcO6LIfFr9zJ+iPshIRg=":{"valueMac":{"type":"Buffer","data":"5H9KHwyc5mSP16U0j7UCIGiPXcksw64BmOn6UtOnKTY="}},"yZFVmajy0vE/ZBP+oMEPQg8eMzfGHq6YuWDDM7EjC1I=":{"valueMac":{"type":"Buffer","data":"SU3l4U/ZHzoZMDzpHRaOcIwcjc0AgLNxriHKGlWR3iQ="}},"yhdNEvYb/Gb6jeWUigPn6SORJi2eQKcYPqTyzd42J18=":{"valueMac":{"type":"Buffer","data":"PepDaULl0lOb8kg4E4en6rxn2MzDv2CmYmzFaE4IsXo="}},"yzf8ozX1YTIzcNA7TozmaaegxFnb8EmuXsZUkJJq+NA=":{"valueMac":{"type":"Buffer","data":"WU2zI8IHpbr0qI1EwvbrW8TAy0s0b9Rky4H2zDCgdDA="}},"y283hznGXiF+y+jp87MYK63ngA6dTdsaPWwrNTJOZlU=":{"valueMac":{"type":"Buffer","data":"EM4T2r2Z8QmoEKQyDXA14XDR2LlbNXgL1YD/Zyn+YhQ="}},"zDYrT16qnQaqB2cGjxCQ2JS4JjvDwITwQWNqS85NzQk=":{"valueMac":{"type":"Buffer","data":"udJgc5ssUFPRALeUN1LipCzRmpQ6beYXtprd6IcpkFo="}},"zJY6y3RaKToyiYqybG3V9F8bfZbSuvLiIL0St4xBITA=":{"valueMac":{"type":"Buffer","data":"oODThJQda2Zm0EIgD+WDBZvf9QWhD3TaBqlqkSZppGE="}},"zLb786ULi1EWYxtgi9QSermb3wlBt4OlGvY227vHiGI=":{"valueMac":{"type":"Buffer","data":"1CpFd4pPL51gsaClFKd5wy/T+N606rv0iRQMdt3Ik5M="}},"zNcFrC4larTYIeL/vXSo8uu3v6kuZVtBWV69J4m1zsg=":{"valueMac":{"type":"Buffer","data":"AZWBmh56qj7S2j9363KTQt+EDZOClngR07eTO1bi38E="}},"zl4i0cMztWLXL8DR9alpb1GkNreLi0yYY6El+rZ1H5c=":{"valueMac":{"type":"Buffer","data":"6gv86U6CQJyocTAegVF5pKyGN1ePUGw7WEf/94hoWSc="}},"0J5WJm2vKHMp8352181uLJ35/X3WiYBm4KbP8qrD3J8=":{"valueMac":{"type":"Buffer","data":"lsO53cOjm0wJlcV4VNO3NGGnSAUo3B6Wk2xCnK3mK3s="}},"0akf4PNeZJKrD46QV0OGBJioA1ZvFO5RXqWEC6p8eHo=":{"valueMac":{"type":"Buffer","data":"5cqenfjnvLcP4In/+42wihG9bfaoANBvkmV1rMFqLkw="}},"0gbGnFlTuVLXBQw/+xAF6wrtdB8Q5WpI+ARKNFP7E3s=":{"valueMac":{"type":"Buffer","data":"QowHdxpo6B6KFb2qrKczSTXwVFkSY/18a4vYN2LQCSs="}},"0nEjBqCNf6ePr8MOkzmapF/Nt15uIJLJMk9IO147yF0=":{"valueMac":{"type":"Buffer","data":"JN6ffyQ06MleJ0C+C1o5mkftlFFTErS+xZ72zwRulEg="}},"0z/PN1RNogTIOPmDi8Tcz91B7u/o7u5wxFiSAIFdPE8=":{"valueMac":{"type":"Buffer","data":"meyGwfMkgXeatMPHFGZ5+NG9giz6ibYfvR9AhawsTGY="}},"0+fN9MpAs7uWLrZjcA2+i0tGgJC0H8iPhjKcjflObIE=":{"valueMac":{"type":"Buffer","data":"3Za9v+o5ilDaXIPFwGdQ/GBKexlz/FBk+jXO1EL9iCg="}},"1XFwpYzzv9Jc7JUoOhh4EYOIHXeUcpZRQzb2hmGerhA=":{"valueMac":{"type":"Buffer","data":"fkh4+EoKKjhgSEau9w3od/MZPzyGYv2IOwBpQGvHgK0="}},"1bbOFGY+idsErh7jHHhERc/Ms3LWP7rWzD3JjqYsFA4=":{"valueMac":{"type":"Buffer","data":"VpN407ztpfRk138J1RqzoU2jf7cVY4rwLfQBz/aBsTk="}},"11ODX12gImXDvnm7YHqIoKSJi6l0rJWHuNzx01pEP4s=":{"valueMac":{"type":"Buffer","data":"Mf8biT0xzWtc4Ivfpa6zNMp1vviSYRziaVLbswDeBWE="}},"16oR6T4cYMfztsqh4EvLT3KrQqw/Eq2/7vMOYtAR1gs=":{"valueMac":{"type":"Buffer","data":"JBIPZduBD1vFd35olgTeeeBhTrvd6gmSanyyaNVYMU0="}},"2Sa2XJSksCgpAd9u+fGaBpOYaorGRFXwFc2vyCERtfo=":{"valueMac":{"type":"Buffer","data":"zES9u9J0eFGGoomsxJ8JUzBVv3FGe9+5+alEbs32mn4="}},"2TVQvM76dMPB//OY7+9it/ETU42ljMGNYx34Fv5wdgI=":{"valueMac":{"type":"Buffer","data":"ntvfBSNFSHE5GmIw0dIsRW7Q8VQJ3Mkqo+ktIjRl/cg="}},"2adcseIGrg0WnvQavvUl1d8iy88N+FQJZfBF1Ddh2o4=":{"valueMac":{"type":"Buffer","data":"MYINa3rqSxGPygoWkaVTCLSdpUHV+t3lawaGmpQLKpc="}},"2bwQBHXeaprFgXYeqfdveA2IAaRINNW7mVstPN5fBWM=":{"valueMac":{"type":"Buffer","data":"7aCDMW+FcrRXQGQpYt2kDb8/KbxzHASfZFX/Hohenl8="}},"2f0JFPSXdbzX049qj9ufuBDL9srDDOWPW7eZMEtlIl4=":{"valueMac":{"type":"Buffer","data":"MDf37M7xGlOZAXOOWXuCQz77OjhPcTam98kjhSu0Nic="}},"2tmKbKGg2KFrjFdfCT/Ldjy8v6Y/igJhKhZUvrWw8MA=":{"valueMac":{"type":"Buffer","data":"Mtt5HBjoefW0SE3fyitPCjEDtREbT4N4Vcg+Q/5DwBc="}},"2viJZi138Uu4DFHIRf2yAy5hrFlSU9md2y8lhQD8UD4=":{"valueMac":{"type":"Buffer","data":"2hPoL7XOLFc6AHGkeJeq+4FAcxCldxhpFFZHc8Kryo4="}},"24l28FGmvx/XJmBiTf/aIOwmRWRJN0K/LhMGPXVM+Kk=":{"valueMac":{"type":"Buffer","data":"/+b5+/hMTjtZjLNdxQHnQ/fhYOvNVAG0BwJFRPi6C9I="}},"3WOhRzdmiguj2ZZgaEKUU6ff2H+QNqypM6J2nbyrpIA=":{"valueMac":{"type":"Buffer","data":"eNqNBX2q1UEZZcnT2WLoIrABZl16j92WfQmylaLNrio="}},"3eGoWKmcREfpZDnN0NnKg2Texteoozo9T1qRLLxvMHY=":{"valueMac":{"type":"Buffer","data":"uFg6GrHCvKloLX3GoSRudnpStxMkfw9ORewMGVm7XkA="}},"3mXlPCUpSg2jhwOgl2nFa5kDYB2uaWCBj/LoJecq7AQ=":{"valueMac":{"type":"Buffer","data":"8ABvCqdVMY9oledW02li3U0tfFRRoeuh0ZDMukKW98o="}},"33rz/C3jhQoFPR09D/dZxo3xBuBPpsBZCKGRXcWyElU=":{"valueMac":{"type":"Buffer","data":"XQ36Jkknmwt/j9PgybDNOq5781apvvrqaF+PDDDeoxA="}},"4mTV0VIN7tc61dsY1tyixuNV7iC+Wh9fDoa3MDtYhxM=":{"valueMac":{"type":"Buffer","data":"3jhzFnMl6KHxF7REfIJI8dhZY5A3rIpBW3W0qOrC/6g="}},"4ou+3pRKmxikMxkPBIqoxmT5BMSAOSmE/3Ls2L6KA4k=":{"valueMac":{"type":"Buffer","data":"GL5Fj3H6n71rvV3f5bqD8PXObpIO1GnWeVS+e6qg/DA="}},"46C4DY9Q4WA7LqiJhO6Hz0/X8apdnMM/qg57axDkQ6g=":{"valueMac":{"type":"Buffer","data":"CfDyQA8lOGD6tBpXZduDWcsAmlqxbBOkS9/P2ZcS3d0="}},"5nf53cZSmIbO3oMXRkNmG3va/R/tBkpKw0dqK3VMDpY=":{"valueMac":{"type":"Buffer","data":"TwyP87B/AtibOcZPzg3YzZ/xSbwjq/NMcjAVwswYaRE="}},"5rcSFTqhkUBt1WqIiIp0T6xQq6Zho1zXZt7M1lO2/KU=":{"valueMac":{"type":"Buffer","data":"vDlPgLQ4o9QdN67HZufXjsteqGGQttGDvJ0pkkFx11w="}},"54xXmKPC0OwL23m2rDKHx0ZhOUvsCjddAVPZkx/3roY=":{"valueMac":{"type":"Buffer","data":"IvtLaagN4pcgSFl0frajh1/8d7KNc2yzb3lVq7BIV+s="}},"55gmyQKtr7ZmtuYJ7S7pgMBmyhqyJEycEmKWDQj7c3o=":{"valueMac":{"type":"Buffer","data":"14F64FK4wEdO/BprwVc0mxPllbGf8DizCB7FzxPKFkM="}},"6L5Z3z2mHnR7n79p+K4B+sxxRPzo079gqja+dx+gsrE=":{"valueMac":{"type":"Buffer","data":"KDd+nRAT17oy5bmIRBR6aG/hHa+nOm6lI8FQojS01Lw="}},"7di6DCUu6KKMPsPp2rBK2xhiBXriZb/Aqq/Gr3pa/RQ=":{"valueMac":{"type":"Buffer","data":"31hFWFkKspb6VrJbpaCgWQUWmnW0wp3Tn2ps8u09oag="}},"7vVO8X7JmZpE1E6da4+jQO70Ako/qppozb9PFJKj5W0=":{"valueMac":{"type":"Buffer","data":"hDHfMUir6MzKBcE1WqP3OBdGz60fkZfwT1uxwnqD6RU="}},"8bvQ632st7i+RPXKtahwSmg0E3aFb5KPWe9IQICvRfg=":{"valueMac":{"type":"Buffer","data":"u2ySPqpCuiupmNtpX4OYKcspIY8ljMboAi7ZWQ0REZY="}},"8fBKyqU8UMZwsNEGMrQl/xGQK7lqwJEWAYG2pPWY+8I=":{"valueMac":{"type":"Buffer","data":"n/3ORs0Tgn2Vc+YbL4rRNlxFQYwXbwVZlWSxdsobLfE="}},"8vml+BpFv1i+0Q0rsFi0ntjtiisBOeIF+lEcZI9LQgw=":{"valueMac":{"type":"Buffer","data":"pTEIswxT2icOWwDBhWVpzHnZeRsJaQ8QXCPfeApIWbg="}},"9hp5UL1vSp1VV/9iX6RUmR2rG4AOs475Gb1a4JV/Do0=":{"valueMac":{"type":"Buffer","data":"Gn85Hkv/xMXdkg/Qratv4DIXlbpPeRKxS6CDZbVRC9g="}},"9jMgB5O0AMWu1xAXciGprD3kDwvZeSgGuqifJ/FpmFk=":{"valueMac":{"type":"Buffer","data":"i4HVqoYp+6U8h+E+/ga1rQi1fw+MkvuIhrvSKkUBlZE="}},"93sd50uLLTeDonQ07Yh96bKYhUvJqT55b6t8o1IvL6A=":{"valueMac":{"type":"Buffer","data":"GdTpDl0j1YnTyyZivGNAYmaJEjikgAH2WrjxMUTSyOk="}},"96J4XCm9r1+qj8hm5EckkeDDicc95emhgqbZ6fxhVwk=":{"valueMac":{"type":"Buffer","data":"Q0yR1UUfVGwNC+6IesDklyERCUh5OKOLnTTQXmkiv2c="}},"+YXMcJrtuJMtLnopchqp0psT6FiZeNLNBI6sBSxjc4A=":{"valueMac":{"type":"Buffer","data":"DusEDtKHj79WcBJK47fjFh6WZJE/67Lgt/KhKEhnlEE="}},"+gN3dXL2ScW5zhfLaTZNkDW2t1KrCdvLgIIuxoUEp1I=":{"valueMac":{"type":"Buffer","data":"EXbNs4Hu/BQltkE0WM/cMtSCVltT2kYwOyj+Hli14aI="}},"+q0x4Rl46K6pltXhtjGymGh8+CsXTQfgZSC8K4/4Z28=":{"valueMac":{"type":"Buffer","data":"iHQ0iJCaeBIQElCsrjDvWlziG1pOKB3noQ8f7w6s8D0="}},"+299s2OsOcwCLcgssqzIihCaq3laLMjOH39fB5hl3ao=":{"valueMac":{"type":"Buffer","data":"JlI4Oi/4zC9MgoHOpg5+0HpQiyWtpqZBmkdeW4omrYk="}},"/IugFJYhlre1Ca9UlUXtGTXD0FGvRuqtxLvdFe4sMv0=":{"valueMac":{"type":"Buffer","data":"GsodNJqWiyo2NjfGxFaDQZuDqObELKAAX9jenel60ZM="}},"/dxKzjG7p2uwgdFoEEtiQm+Doq0O3lT6DMfcfO5o4mk=":{"valueMac":{"type":"Buffer","data":"RM+I16naRAi61BGdZtjvVEOPDQLGpD8A8Y7vC+cZ/oM="}},"/oDKy8nc4txgzQa1y85RUOpafUHOtbP/tpsmA7S2cqY=":{"valueMac":{"type":"Buffer","data":"K27lFsL7Kia5yOkd0k3s6aIQFXcjk5pkhTX9tQ0twPw="}},"yrs1LAWUZcfO/nSw1rnlFxEUzBUAi8QXrzu3g7NYEZ0=":{"valueMac":{"type":"Buffer","data":"wK7q3XwrifkP78s7wjwnB7tDFcpgjPurWOuRDoZKfOU="}},"kq4+IDspg69Orq224S6LqXRKGU9Hq9Pn9aVff+Gu0j0=":{"valueMac":{"type":"Buffer","data":"v4YZC3teX2rLHsaLJ9Ov0pQxStnBs7lgdd62klq2fB4="}},"Mmfw+oLOqBUTeuO26/7y5YekOjUmd9No2ypSlGsWecw=":{"valueMac":{"type":"Buffer","data":"lLxRkHKk4UxdgT2h0z+NEZVdhsRb3GxnnKm4qiuA/G4="}}}}