{"version":3,"hash":{"type":"Buffer","data":"8unUABf29MPf1UdBcUDFJF/2i/m2hNVP6rAGVuVGJQPP2DE5PC2rSRx91eBm+Rlm0NURyhanvrmJRI8ePMAvKD8qVbWeuB29h7gb2UD9TEOgaiqEoNVnQ0ZeurvtYokeDULRzPSv/KIUHzQNb4qmNnc/ivMxq5LNk+miN05vfLc="},"indexValueMap":{"cllfWQ0mWwz9PmTuuvjrm/fRnZY1SJZXZyBJv7m/NF8=":{"valueMac":{"type":"Buffer","data":"/tI3BDvJhuWhHcG111b4js4RcJfdjDDmZzzF9OICRO4="}},"fin4XrMuX+SRFr3yUTqS0MyizuxVzaOLYmDFczkbNYY=":{"valueMac":{"type":"Buffer","data":"1hEEZlY6bA+B4ffnkVqvBV1EJF3IBr3amHcATn3h0z0="}},"lTf6ZJgZWUoxRAbA2jSvrI4jvkFJwXfLlq+TKx4ygYo=":{"valueMac":{"type":"Buffer","data":"tbOsAKU0JqDytaFDkqyBM5TGoLUvHjqKG7SmO4/p2+k="}},"lZmv9ZGSmhn1JksSvHcX2D/tiRb5zPyvjKseEHF6+Ik=":{"valueMac":{"type":"Buffer","data":"tdUG59e7PUKfAXMrX7BdkO39OyvWCID4YxOOrN8bDnA="}},"lCvt6UkGoPo5ExCe3xxXyCTNyAXo0xSEyhSpBLQc+/I=":{"valueMac":{"type":"Buffer","data":"eatzM7ntcVSUvTlGff8+DbZddfAhMx1nitzb+cbfdL8="}},"KV7b6O1yZBTLmrGRMSWWakkhS9D/jnczGjH+JuhOJPc=":{"valueMac":{"type":"Buffer","data":"obXCMHFgGlaht9mdXD9OnTt6jiQet5LP3vRCSPl7f80="}},"chZL7iVbGqS3OMFrY9M1IlVFS37xbPjvKwXZuVdsty4=":{"valueMac":{"type":"Buffer","data":"x/M5er6/SLvaeNbqKdbJJJOorprBPHjrtjXgYLDohlA="}}}}