{"version":5,"hash":{"type":"Buffer","data":"lcqHufAeYmqlWf1h8NiXetjrsqGE3tGvpCWw9kQbvW5ucnYGFlL5YdTAldAlnKq7kr4xVxY7XwK2mmOcnnmZz0DOVz0ONXw0olGioDraE06SpHGlhVdoBzYC15Ju0sy/89WBP5BxHicOgqej2mDY6f6CWSmeOGGulXB/2qKyjrY="},"indexValueMap":{"Ez+cPHSnfLQtPvK6oieA1hhhLiF49SVkjLeOFIBS1SE=":{"valueMac":{"type":"Buffer","data":"aVy/QuJiarlJV6eoPMNFLgxxixSUiiE51v+m/ZGq8tE="}},"EL4EoXX1HCaNBaWt8c2owlpZg1B9Ususj17FMeOuMPw=":{"valueMac":{"type":"Buffer","data":"t9AMgxU+kndQj9GwjIZ6AEapoVfGci58HlxoXFyAKNc="}},"0oshFiiByCEQRIMm2vPE59NS2N/bK8kbjD0A20SzMdY=":{"valueMac":{"type":"Buffer","data":"tv3EqpiEwYS+T00eDT5ySFmlaNmGCqrXia1uZr5yz74="}},"jW6V5E+LYsthHHTY2hrybFNavuv8FqaQAOKzpQ309Hw=":{"valueMac":{"type":"Buffer","data":"b0CudzGL72BjaSj2BUzdsBoUAjcruvmCgApBN94dp3Y="}},"ivEPe8KzNeR+GH4rvG9K9cG5cI/OT+x6Pi6N6jlXEaY=":{"valueMac":{"type":"Buffer","data":"TbFTEAVCKoidlpJms5RcHsF2E2vkkQszfd1TyaxLe0U="}},"uJAtvCUQxCUeyRLatTaQDP6fvQkOa6+qJKX8xfwj8p4=":{"valueMac":{"type":"Buffer","data":"2VfKS3vrlK+Y/JWFk7Jy+ndfScZxKIyQfj8PNz1eXR8="}},"PN4DptBcUm47Cx+9hnHKvGeNsz8jcFt2OHUF33Ehe9w=":{"valueMac":{"type":"Buffer","data":"6usORPFJzUKc6ta47n3APdA6iWsE5g3bZt121ZZa0ho="}},"DXQUUIUgfcFcB89LMbxYjW399cx4EDb5cge4a4RS0QQ=":{"valueMac":{"type":"Buffer","data":"WytmhGRA2ILLbI78sjNwkQyDfqDYtzLwU2KXFQ+J4Kw="}},"gIDwwbcOYHReg3tp2uclGXJkbTlLGVu/lWK93RYjHRw=":{"valueMac":{"type":"Buffer","data":"RqJ7aVKPDK/HpSi+NGLmFHsHwPxzZUP1A7FeROrFCns="}},"GRe1zM3RTDE8x8DFrXMEacWHwRSz7aKs4fJQFa8FL2o=":{"valueMac":{"type":"Buffer","data":"n05Fg5VGgkNl3AYgskdBvgYKJTAOMJA7hBYNQVBzPXw="}},"tKOhveHXaKuLYnK5em7/ifgoVpIkapIOf153Q4i7fJ8=":{"valueMac":{"type":"Buffer","data":"wOhxeRPmmdKdMCAPvjL6dVxHN/W6QY6FIpXFwhEISkM="}},"MJ5aHvdBUoC3uAQlGIx3bSsL+UD+ePZEDxV5TPoJ9l0=":{"valueMac":{"type":"Buffer","data":"hvHxCp9fIg5QTfkGSESHzr3CMvbtmAEprBgZD3nXVxU="}},"cLbCBeqoUcv3LoTNyCzsJvKlKZRERm9bcLEb/dFDHCo=":{"valueMac":{"type":"Buffer","data":"9kP0L7iRuwxKmG4oVAdGvVWP+JBPSitV3D2zLnLdBQY="}},"08WCwOHhWc/1b5asagXFGyCAN3T1kbGB7X/qnKhMY+A=":{"valueMac":{"type":"Buffer","data":"uNTP6w94P+u6lw1zC4IM5t5YgvTPvTMJdp9e3/K5Yyk="}},"I+uvpz5gACDvsuH9e2yFhX63/VL/HaGE8G0Xm27SpOk=":{"valueMac":{"type":"Buffer","data":"rx3lG8CPHwcI9RKcWICN8lbVDIA9UgaZ4e6UlXdtlPs="}},"SPrFv+nWc3RIp066riFSBBjF+pTIzl3Fd3l0WCTJdXs=":{"valueMac":{"type":"Buffer","data":"aEy2QeGtXkA2tgc3ffQvJlICEcaOHpb5PtNRFE+Br18="}},"DDeqm7KrMEKeroyiWcVCZw13gNRJNP1B54DEtKSS8WA=":{"valueMac":{"type":"Buffer","data":"l5Y/P/3sQT5p3eFVs0rv37T/TY7oXmKIiwLRj2YS4Gs="}},"prloZ0fQkGVvV6vEJVu0Xc1LXT3hYQcUcqXmCQOt098=":{"valueMac":{"type":"Buffer","data":"r/2RDsJPsIex3Qo1tL7aU0kouBXEwUrjLtISOqFqZCU="}},"fT68Q3CUMGLY38yqzbCvM18NlLB8RY8czxeAreObm1Q=":{"valueMac":{"type":"Buffer","data":"UK/fZnHYcOtUSG6Z2nL4c7M0PFRFIEeWEharqHGSizY="}},"mflhpK6IJtAwjwkV37dMs4QOJfN+8ogF8s7FFkuXDzc=":{"valueMac":{"type":"Buffer","data":"b+Xty/Om+PhUHBwKKYLtQOUxg2cNv0zfj2M/q/sp0z4="}},"tDMajn4SYUV/niOvpSDtBhWKs51P6nwkgkEYv2cfDjA=":{"valueMac":{"type":"Buffer","data":"QN1p0153Xyt1Fo4XwKZiUBmvUn98NhgVLEPQsBUpARs="}},"M9BqHw3j6DnGCk8dqJ41NtUmxNFgvCq2IsV2UTdwprM=":{"valueMac":{"type":"Buffer","data":"VB+BOvqh79ntbEqdh++pW7V7OwBWX81oKOBsRU/Jwdk="}},"g112irLQoDEhJrk+dhu46B4TFRlXbyKj492l2bI4O2g=":{"valueMac":{"type":"Buffer","data":"TZ9jGQ2GBaG/dpJR5SM3R6XRyFnhN/0rvEx/0/C/ZUY="}},"wzIHW0t31DDB/6T9LLpMtdyRDT91m1Ts1WYrrvn2HH8=":{"valueMac":{"type":"Buffer","data":"K+SWTPfqAPR6cCokY0tMzYUoEYD1RZx5OqWtzz9vFp8="}},"uiD1qSL3X1of7ymq3qDJIwqz6w7yEZTVrYklDbZSlVE=":{"valueMac":{"type":"Buffer","data":"X5gQv3kK5QTirM5hPBeTiBT7U0ooKADgaSBj9jIqVlQ="}},"bb2UlEQ5dyeQPrZf2oaQQZC1zUsVS148nPdfe//nz5s=":{"valueMac":{"type":"Buffer","data":"rIFm0SdFybQ3jEm4TXWvCApdxPIxT4BgB+FTyZ4pmb4="}},"7zexcniZwaGqAnV6iGHcRl0PBGnILAArKaZiSNKdSzg=":{"valueMac":{"type":"Buffer","data":"WSoasn6wW0Bm8z4LpnwvMgF4j33IKU67oh9CGc8loYs="}},"8byMfr5+RL11Zo+Ot8hK1W/JFVGHOGz1jXDKMWjRKOc=":{"valueMac":{"type":"Buffer","data":"y1yW7wmloo9RCpcSUYn7YRv1D4vwm97ROp1hr7jI/sY="}},"lK02Xil9QS3YIfQMwVs621lJGSoJf9PzPJXaGl9iF2I=":{"valueMac":{"type":"Buffer","data":"ykXGrMlFCICykjGwvLlXcdAH6bKTRLWWP0V9oM/duWE="}},"vdERsAsBKUvMeJTMqWaZ0H/2JYtr3uEgiAxRmaTWYi0=":{"valueMac":{"type":"Buffer","data":"k1wPXcFF9YdMuGjIO//FVnou2x5OAxsmLzoYDVvzgr0="}},"O1d/sxYOCg6YZoAlTCxRQcWzJKpMRKyDCSMSe8yfTMo=":{"valueMac":{"type":"Buffer","data":"SKOUwZrX1NwAkeqN9+2Z8v3B0ut68/ZBLVu30LF7iYk="}},"6TA747zn4oIUmo7z8UYIy1LDKuCl1esq+rFFwTQZoxU=":{"valueMac":{"type":"Buffer","data":"PPBPULcjX/qHU9pf948jmgjEZh+/rKFQlK/TKb7IGW0="}},"51csSqm2M1ineP8XnYZG2p/nWQRNxBdW/YlQnbfkCi8=":{"valueMac":{"type":"Buffer","data":"ahrxqbWqxi9zOmMjH8sX76QYXcb/h+6Z5OVN/+ccTS8="}},"B3tGmMbUPuIRgGDIa0t4OORSFwotu1rjzminA06O6aQ=":{"valueMac":{"type":"Buffer","data":"teQPxAmK7nrCP3eEOBQo1UuWlNvDC0Lo35vgnAKGPBg="}},"QC1K+jQozvAY11d+G3H+D9gyTOSLOGcBQ6B6lSGI3ZM=":{"valueMac":{"type":"Buffer","data":"AnSSA9USTq752yxZo0bgPb3wphrCnWXhiG9wVXa7xVE="}},"ISV47txK3Udwkod8/tN0CsM7vHzkaas4h6NS5yGkysE=":{"valueMac":{"type":"Buffer","data":"4iqOTKx97VcbU87pTsN7HxJDEsmtkgSfUOl2IWv4+f8="}},"c7Xrf4mj7vwXq5570+SxUCEjVJmD7ZBdfDFKVdFGOu8=":{"valueMac":{"type":"Buffer","data":"XgdG2RsxCg30EjxVp9XkRD0z4RiPP0XcMVdezwFCJco="}},"uZ6IkHL6mXNA1zGzvtDBnOaDhYcqHmB+sS/OQl6MFXo=":{"valueMac":{"type":"Buffer","data":"RbkaWDrb2gDIn2R2UR2Ai5KAkur8cuUALLL9x2M6xT0="}},"KitEHU2jcEAtNZ3j4qAA2G6Hu1E6WxXq72bA2mJXaSY=":{"valueMac":{"type":"Buffer","data":"McexiNhrt6j/ReAYNPYxTJZgrPpmehYYXjIAIFbkraU="}},"Xu+5vSy565309u0UOv7hkkWhszGDVkppiI/plkF3MuA=":{"valueMac":{"type":"Buffer","data":"BXzYotkBH9GvIL5MxTJWcf8Sjh+dtYUWDx3YGh81GRY="}},"I1lUhBdmj3Zo1I7HOUdv0loAVEJOO2ZQ+V0A9jzr/uE=":{"valueMac":{"type":"Buffer","data":"RpK4RcmJmVnAlRIsW0aaaMh5pO3mU5XUaHZAz2fzLmc="}},"LL/1H48ORmpDeUUi2r9dh9vcFLAdY6Dsu/g+yk7uKqA=":{"valueMac":{"type":"Buffer","data":"30t0btpepuCOTt9Z6JRVuGBP45W1Lh8Q8C+zBrq0zFg="}},"7nUZnEXLloW4n+4x5YQdpXBZfzT7OBcR00yqaRrGWQs=":{"valueMac":{"type":"Buffer","data":"ql08eHbgQFadFs2vwAgv7ukbXT/GKENP3P15opR5e/g="}},"vye7AOBH+U5WMFsfdTCQ/jVruJqMvaMlA0YpB8irLLU=":{"valueMac":{"type":"Buffer","data":"le5bFzNrGROXFgDQPrXgtGDN1Vs5pMib2cICuUh6fyE="}},"jEm6HtiGZeZALcadjQdzwjnKaR7lRSP3LaaRQYVQX1o=":{"valueMac":{"type":"Buffer","data":"Qzzp28ZZFm3xQLAd2aRG11POqSdtt3GPdeGd4IaMi0M="}},"I0myKj1z3IJZVGufFESnvo0vi5sY08eKpUNdxgWTEoc=":{"valueMac":{"type":"Buffer","data":"G2tFhI8mfiH/X7yiOrn4YTVQRm/4AvJmZJb6kJL2ZbE="}},"Y0N52xvav/BHsyrDxBs9i1oJj7vJvs8aNigL1KSjJZ4=":{"valueMac":{"type":"Buffer","data":"51vUIszJ1j/fnbbOZz4SxD7pWELhXpryxMKK3Sw2ezY="}},"rgSqApudbyczzCazLFfAUZCdcDG+lsgAzU+E/1DUTfs=":{"valueMac":{"type":"Buffer","data":"sdcTJ89jDHiCetNAQqRTL2shvpHqX8cPibwP0d/TZc8="}},"J5xkJT472qcDFYR4hyfayeC20oDUrSVZ6p3emZops+E=":{"valueMac":{"type":"Buffer","data":"ZZZP/1fDr1k1RBt0NSZPnSBJvBIjQeoG9S/PKqcxc0g="}},"g7RCvGJGBVAIcIVzB73Ddlu556O78i6Oia1nftJwpqo=":{"valueMac":{"type":"Buffer","data":"J1HtjK+P1KzdqUPDOI8NQaqHZsmuvcbHVbSUCACZqdI="}},"gxkrFlLB1L1AYlpfYXvq49rvVEK6ZhpBKwWGjmw80jw=":{"valueMac":{"type":"Buffer","data":"Hho+7t99pL0zrT5P4b+cUG+4x80DEQbMfLNzqs/bN3c="}},"U1jwLnGq6hJ5PIooRQOgd2HeC/uMhiB83e9rVLCDhzg=":{"valueMac":{"type":"Buffer","data":"uoGu1ezjqvW17bdygaJM17P04xcDw+TXqc5K1DavSb4="}},"ynF5og3IilP1/oZTacpYb6zpgmHA5HZBuyRV5Ytdjcg=":{"valueMac":{"type":"Buffer","data":"ZJjIZC6Bo/Rh9tPUQhwZ/nRJw2f54NqG0rbK4eNoHGM="}},"XL9Fp/NCwZCbKdPhZjmXCWYbeKM7fTXwvSjEeoCB9eU=":{"valueMac":{"type":"Buffer","data":"ggkoNPls7wyFTPOksVI+hwlHWLEkw7bA3SCCkUSOoh4="}},"b5vkQGp2hEPP6seE5Sy9yJ7H51ddbzucxwxogyCIrQc=":{"valueMac":{"type":"Buffer","data":"BSXmzRzc3i9xC8cubrq215QCge0A2Mz37Wu3d6rtHEc="}},"iui1tUTLgRNtDs+WqoZLAqdSJcerkA9vAq+LPpjYYpU=":{"valueMac":{"type":"Buffer","data":"NoCHearxmA2ioEx5q1Ndk27YBmdbuL8TvPuhfs7jvxw="}},"T2BNp70VbMHWPsYR3t0qjpF8aEM5BY3wLnDImJap7UE=":{"valueMac":{"type":"Buffer","data":"WiV/oemrNekciIanoxvmsGKZ3hOu4IisPpHEedLXaHk="}},"14pIszo2slknW6kA2lFuzFdCVfEcR4Jp633OsZu/Rc0=":{"valueMac":{"type":"Buffer","data":"xum6vY3Yg7gpurpoSM5YbtUjbnRArmYHMV7XMYjzFZE="}},"n3PoXQ11m72UKM0TY+eC/ElVRrvfz278F7b88A4HZVY=":{"valueMac":{"type":"Buffer","data":"i7Wmt/Vs4dbBlVKxvhYp/nUCQqFdFGSys04mq0dtsHM="}},"9RxrQv9ZAMxIBt80Hj6P1qIsupdsip1AbaF1B0yBBZw=":{"valueMac":{"type":"Buffer","data":"rJAd1kn6WmAIdWMZSAK4SN97lKDX60I8sNaHNCzDavA="}},"yzLi3H897cIOdb9PX93+Aklas+IT/Qd53E7zG7zzN5A=":{"valueMac":{"type":"Buffer","data":"C0CjfIEcq2O70jcwrcgwd3XQXZ0HuhRoFU6ThJYr2aI="}},"iKavarZiCsNOJHiwUdnJuLjK5NObqlpvQ+n5LkCNvx0=":{"valueMac":{"type":"Buffer","data":"aneaX088kH+ifUAL1ES/0QXGYMF4fHYaGXDqC1p0A3M="}},"nJ8rYnWdUnSIfTZ5FJ+XaUrHujuhefy0eBGIY9inF1s=":{"valueMac":{"type":"Buffer","data":"ZPzKMurhjjvxkb+8Bxt4+QztScz3oXcBXqUuemkDGjQ="}},"SnVxnuY92hZ8buWu5ZqRKIPe2XH4rHgyUBv9F3IBi/k=":{"valueMac":{"type":"Buffer","data":"KKCt59mahu5RoHtxxS4JTFch7utUb/xGQp5UPA/nuws="}},"67xlIBTlZ9vhcaqBnVTPdK4dvDyVQ/depvb0DkcNkwU=":{"valueMac":{"type":"Buffer","data":"aI4z1RlXSd2FsSWUM4Z+y8MXRHr3r5VIi+cggVnN+/U="}},"uNu8XCdt/EysaMRHwIzFhb6O785sCiszROgdudlsdnY=":{"valueMac":{"type":"Buffer","data":"CGWczEonHT1HIfAIjmVFIdg+RQj+p6EcYrnWUaGiqvs="}}}}