{"noiseKey":{"private":{"type":"Buffer","data":"sM8wZdXHzsJB1O9By9iYEbnbehNdRlsoXvMBhDQSxV8="},"public":{"type":"Buffer","data":"pzohn3/7CNY/OvGf5b0mTbLQRKtCgxQPwfp9DxgTzDw="}},"pairingEphemeralKeyPair":{"private":{"type":"Buffer","data":"cLb0gwbmRNDd2MILrEwSrSV2nf+GwdUsEif3VxpYemI="},"public":{"type":"Buffer","data":"KK7q9EKnvoPoFqHsAcdfcj4BsZfOPxjkvEDerWCkMEg="}},"signedIdentityKey":{"private":{"type":"Buffer","data":"IHyUqMVrt981S3Hxm6C77uzk4KoJXVEnIFpTIE0s3XU="},"public":{"type":"Buffer","data":"LaVvWCskTfPnLgP9Eru9b3jiMWrx+QrvP7e7GGqiIBE="}},"signedPreKey":{"keyPair":{"private":{"type":"Buffer","data":"OOAMp0Un33XmVsTpWL6nlIWFDNXu/Vi9BxrccHKSUkE="},"public":{"type":"Buffer","data":"/N5qiX2MV5p5khbMQ2J4TwehH+4xWN4UJKufxayqLWM="}},"signature":{"type":"Buffer","data":"q/JsxCHaW3CV0vPB/H3wbRr3UQfwmGLbyUL2HbqR+u0UOmty7aG9lTMmP77armVL/WyRp/CtAlseo+eEe3cICA=="},"keyId":1},"registrationId":154,"advSecretKey":"zYYo/StjsxajpQyG8Aoan481F2STZaKPdPzsv36FLjE=","processedHistoryMessages":[{"key":{"remoteJid":"201026091847@s.whatsapp.net","fromMe":true,"id":"DE47500E604ED1727431DA17772A88C4"},"messageTimestamp":1757647709},{"key":{"remoteJid":"201026091847@s.whatsapp.net","fromMe":true,"id":"48D2C3DFD965D8EAA8D21927E94F77D3"},"messageTimestamp":1757647709},{"key":{"remoteJid":"201026091847@s.whatsapp.net","fromMe":true,"id":"C08EF07677A556F529810B7392342E54"},"messageTimestamp":1757647724},{"key":{"remoteJid":"201026091847@s.whatsapp.net","fromMe":true,"id":"1D879AABC41D00FB44554C350B76C5E9"},"messageTimestamp":1757647724},{"key":{"remoteJid":"201026091847@s.whatsapp.net","fromMe":true,"id":"6F548B89D26E03DF1462143825123EF6"},"messageTimestamp":1757647726},{"key":{"remoteJid":"201026091847@s.whatsapp.net","fromMe":true,"id":"0896B459DB5B7B2DECBC115CADE6150B"},"messageTimestamp":1757647731}],"nextPreKeyId":33,"firstUnuploadedPreKeyId":33,"accountSyncCounter":1,"accountSettings":{"unarchiveChats":false},"registered":false,"account":{"details":"CMulptUGENOmjsYGGAUgACgA","accountSignatureKey":"sXjca9sN/fHTBU2MBPIhLM1pfCSH67lS+fzGoDrcn1U=","accountSignature":"yq4UGUWVjO2LjSpqRIBFqtaw/ZcfCGCRFfpyPU9WOvsrbxLyoD6KADlJk9TDMT9JmxxGHwDOlrI5s5h6epBeCA==","deviceSignature":"BUbfFlCQdbElLiCOurwmytTU3bmr/e56o+5B4ppoQ0WjC5tUEu/rQ+fK15pNKacZ2DSBz+q431wVbBoCiBxhBA=="},"me":{"id":"201026091847:32@s.whatsapp.net","lid":"130640506814498:32@lid","name":"بوت البولبول 🐧"},"signalIdentities":[{"identifier":{"name":"201026091847:32@s.whatsapp.net","deviceId":0},"identifierKey":{"type":"Buffer","data":"BbF43GvbDf3x0wVNjATyISzNaXwkh+u5Uvn8xqA63J9V"}}],"platform":"android","routingInfo":{"type":"Buffer","data":"CAIIDQ=="},"lastAccountSyncTimestamp":1757648044,"lastPropHash":"PWk5B","myAppStateKeyId":"AAAAABDg"}