{"_sessions":{"BSW0EqTaRL1+LJFeyUwy078JcxqkUR73uxS5UYLLKNY0":{"registrationId":1991716866,"currentRatchet":{"ephemeralKeyPair":{"pubKey":"BSQCNUslyBUOJ8BuK6eSBdfggr+7fnqZqnZMRbWSR5UN","privKey":"cNwIYgLiGEFr1HyW4sETFPw+8UF36ypBOEGpRFk9NlY="},"lastRemoteEphemeralKey":"BYMQ5tRUkZXhYZWCuwtj1jLaKwpfAjqwdcT6dv6bysUo","previousCounter":0,"rootKey":"F6SZu2TX5IFTzKjuOc6BYiEWWzAO52o+Td65i1nPd+s="},"indexInfo":{"baseKey":"BSW0EqTaRL1+LJFeyUwy078JcxqkUR73uxS5UYLLKNY0","baseKeyType":1,"closed":1757650922101,"used":1757647773917,"created":1757647773917,"remoteIdentityKey":"BeCyCF2A+kfyT2N47128ZeC0j5N0oft6fryZcY0JoL86"},"_chains":{"BSQCNUslyBUOJ8BuK6eSBdfggr+7fnqZqnZMRbWSR5UN":{"chainKey":{"counter":5,"key":"+6SaZqhtRcOtYxeT4h+AzBTIWC1r/zEWD5Mmjqd/A5w="},"chainType":1,"messageKeys":{}}},"pendingPreKey":{"signedKeyId":1,"baseKey":"BSW0EqTaRL1+LJFeyUwy078JcxqkUR73uxS5UYLLKNY0","preKeyId":177}},"BV7t76NLpfxY4b1/wTNLZJIvLM7X9/1Q/msskS+jN2s8":{"registrationId":1991716866,"currentRatchet":{"ephemeralKeyPair":{"pubKey":"BfWZuhHC6x0DprcivHzwTzd6yLj4v8+kSLE3LvAa8fYz","privKey":"YOGWLXWI0rFon3VlzknXxE0XQhltf252qd8D8LdrmHQ="},"lastRemoteEphemeralKey":"BV1mvVioKQ3GcHmPEcwgW2TFbr2Qumuvnq4NusPmVip9","previousCounter":0,"rootKey":"XJN6PJgaXUxQv2shghJAhlN0Z+paB+pvMkZ04kF1rwo="},"indexInfo":{"baseKey":"BV7t76NLpfxY4b1/wTNLZJIvLM7X9/1Q/msskS+jN2s8","baseKeyType":2,"closed":-1,"used":1757650922103,"created":1757650922103,"remoteIdentityKey":"BeCyCF2A+kfyT2N47128ZeC0j5N0oft6fryZcY0JoL86"},"_chains":{"BV1mvVioKQ3GcHmPEcwgW2TFbr2Qumuvnq4NusPmVip9":{"chainKey":{"counter":0,"key":"RVkyVKwX/roDbFSMqTMcI9NKcANCgzHk+FLNQH2tDGo="},"chainType":2,"messageKeys":{}},"BfWZuhHC6x0DprcivHzwTzd6yLj4v8+kSLE3LvAa8fYz":{"chainKey":{"counter":-1,"key":"ByWATFMLFNcNdv6Gdbgrn71moTRLt0PyMiv9OcmVBoc="},"chainType":1,"messageKeys":{}}}}},"version":"v1"}