{"_sessions":{"BbR95+ouS6zvLZKPKI1hLZnwe6EvsIgZbZuBasU2Rgl1":{"registrationId":2017467288,"currentRatchet":{"ephemeralKeyPair":{"pubKey":"BQMa72xNoI9Q+fVd2fax78YOlah2LnXXM//6R5z8HGJu","privKey":"8KSV4fhNxoqwVhbFsz8KBUhFMLMMYo1q4i1iKOPscVY="},"lastRemoteEphemeralKey":"BYJJJlVnrkNYg1QZAB7gRS94+CmdISEBGvJ/jbbyCh40","previousCounter":0,"rootKey":"m9s30BsrSYRkhL4XcD/NBm1avINicCYJOsLf7ssChls="},"indexInfo":{"baseKey":"BbR95+ouS6zvLZKPKI1hLZnwe6EvsIgZbZuBasU2Rgl1","baseKeyType":2,"closed":-1,"used":1757650921587,"created":1757647708802,"remoteIdentityKey":"BbF43GvbDf3x0wVNjATyISzNaXwkh+u5Uvn8xqA63J9V"},"_chains":{"BZBfgwOLj0geJPhLs4/FeImfaHtgbHi2XHxyVNuTR5U6":{"chainKey":{"counter":9},"chainType":2,"messageKeys":{}},"BaLudiH/ofR9wD1KKvxfwFPU48DpBr3nfHYwloq6BgB5":{"chainKey":{"counter":0},"chainType":2,"messageKeys":{}},"BYJJJlVnrkNYg1QZAB7gRS94+CmdISEBGvJ/jbbyCh40":{"chainKey":{"counter":0,"key":"nMgAb2xSuJt8Nxx4pgvAWdnGMXwgQSXOCicpD6HHg9k="},"chainType":2,"messageKeys":{}},"BQMa72xNoI9Q+fVd2fax78YOlah2LnXXM//6R5z8HGJu":{"chainKey":{"counter":-1,"key":"RLvLwzdsIXOlLtdlOMVm3bKBpTJ8pmyBDVBlFipFt/0="},"chainType":1,"messageKeys":{}}}}},"version":"v1"}