{"_sessions":{"BV/tjJ5MUTwpKjj0BItXd+Y0GuKUxt0HmadEtF7iFopi":{"registrationId":63,"currentRatchet":{"ephemeralKeyPair":{"pubKey":"BXkUdjfg1kTNbrcTzMEZ+cL9vzV/Y68e7AglUUWmsI83","privKey":"CIkFC1Lc8a/XwlvuVmq1essk+AzD3Z951Qx5OQLAPVU="},"lastRemoteEphemeralKey":"BS1tFaqtX6vCjADv3nkHQPVW7+LV9F5RGsd3VJFWG6Qp","previousCounter":0,"rootKey":"Xj/g6DiWRmaXnO9QvvNp/aSspt9jDtlwtz1kgKYnnn0="},"indexInfo":{"baseKey":"BV/tjJ5MUTwpKjj0BItXd+Y0GuKUxt0HmadEtF7iFopi","baseKeyType":1,"closed":-1,"used":1757648565471,"created":1757648565471,"remoteIdentityKey":"BeqGregO/iD1ZWWIoiknRZH8sDSiO5fvp3WtJzFT++EB"},"_chains":{"BXkUdjfg1kTNbrcTzMEZ+cL9vzV/Y68e7AglUUWmsI83":{"chainKey":{"counter":0,"key":"cwmZ6vC+Ydy2j9ydmygfjRCWppeWZWP6eUjxv0GDsA0="},"chainType":1,"messageKeys":{}}},"pendingPreKey":{"signedKeyId":1,"baseKey":"BV/tjJ5MUTwpKjj0BItXd+Y0GuKUxt0HmadEtF7iFopi","preKeyId":27}}},"version":"v1"}