{"_sessions":{"BXWs/5rDrtdUf46hvRY+7OLhOy1sHGXEpvVQprslTwUJ":{"registrationId":1991716866,"currentRatchet":{"ephemeralKeyPair":{"pubKey":"Bb1CIyqzFbC+Rp44lLid9/MrxhZcqQgIMiSGBkdEcSVa","privKey":"ENBbaCDQ1TE7JxtSluvx97tqoG0VA005KwLpS45f4Uc="},"lastRemoteEphemeralKey":"BYMQ5tRUkZXhYZWCuwtj1jLaKwpfAjqwdcT6dv6bysUo","previousCounter":0,"rootKey":"aU+WkU8BdwDSLit9wzL1+Yx0Z/Em+nHYZtXmKg10bWQ="},"indexInfo":{"baseKey":"BXWs/5rDrtdUf46hvRY+7OLhOy1sHGXEpvVQprslTwUJ","baseKeyType":1,"closed":-1,"used":1757648565469,"created":1757648565469,"remoteIdentityKey":"BeCyCF2A+kfyT2N47128ZeC0j5N0oft6fryZcY0JoL86"},"_chains":{"Bb1CIyqzFbC+Rp44lLid9/MrxhZcqQgIMiSGBkdEcSVa":{"chainKey":{"counter":0,"key":"A8psTKTZruYEBxGIxSlQBiaLq0vRiOA29AGTR861Ihg="},"chainType":1,"messageKeys":{}}},"pendingPreKey":{"signedKeyId":1,"baseKey":"BXWs/5rDrtdUf46hvRY+7OLhOy1sHGXEpvVQprslTwUJ","preKeyId":158}}},"version":"v1"}