{"_sessions":{"BSXyO+qZwcEIt+mRmhh9jzafyGwbyWrfVpIv4if1WAEs":{"registrationId":2073950373,"currentRatchet":{"ephemeralKeyPair":{"pubKey":"BXGB8ezvEnie5nZpzoyYTf066ju9OxlRnJco7FnAs71D","privKey":"0Gpa1dI4zejRg8aM45fgg0MO+i8Fl+tG8DE81xnOwHM="},"lastRemoteEphemeralKey":"BVy+9P+IPwAcbQjOrW4erZpI2FGf4pG+7pPFdsKGES0a","previousCounter":0,"rootKey":"aVzfxbTTZsPvEJZXzkMjZhytglCHzRDBUSS8dVL85Vs="},"indexInfo":{"baseKey":"BSXyO+qZwcEIt+mRmhh9jzafyGwbyWrfVpIv4if1WAEs","baseKeyType":2,"closed":-1,"used":1757648540777,"created":1757648540777,"remoteIdentityKey":"BYNtqhOgG9k8VQ/ZIpwYc1IcVUcuikkWWZ/s646FGNx0"},"_chains":{"BVy+9P+IPwAcbQjOrW4erZpI2FGf4pG+7pPFdsKGES0a":{"chainKey":{"counter":0,"key":"inHr2QZ0OQL70YKM0ofrTu0fil96UmCOvKWpWR6o34I="},"chainType":2,"messageKeys":{}},"BXGB8ezvEnie5nZpzoyYTf066ju9OxlRnJco7FnAs71D":{"chainKey":{"counter":0,"key":"m7QLqtBlr1JnAjq3ZAg2NcqQj+RlDpuT6y0xG0ZUKrU="},"chainType":1,"messageKeys":{}}}}},"version":"v1"}