{"_sessions":{"BcZBhsKSXi1uE47K2/tM69LslnlOnWm0LjxhRvS4NrhB":{"registrationId":154,"currentRatchet":{"ephemeralKeyPair":{"pubKey":"BfdW/YB9Ij0H0zrlyRw6xoSGxMw/pdlKALyWGC87mqJk","privKey":"KCpB+8TAScJZm1iu2LfALO73wIJ9EftG7Y24yxNw6Vc="},"lastRemoteEphemeralKey":"Bfzeaol9jFeaeZIWzENieE8HoR/uMVjeFCSrn8Wsqi1j","previousCounter":0,"rootKey":"/eJS3+GnqzwRlXslb9ikCMlNYi9QeWMuuSL6yHxQsfI="},"indexInfo":{"baseKey":"BcZBhsKSXi1uE47K2/tM69LslnlOnWm0LjxhRvS4NrhB","baseKeyType":1,"closed":-1,"used":1757648565472,"created":1757648565472,"remoteIdentityKey":"BS2lb1grJE3z5y4D/RK7vW944jFq8fkK7z+3uxhqoiAR"},"_chains":{"BfdW/YB9Ij0H0zrlyRw6xoSGxMw/pdlKALyWGC87mqJk":{"chainKey":{"counter":0,"key":"zgKQjnZg12xQ8K9Dcz9wkWE21xpLCyecWqooDfeiqzw="},"chainType":1,"messageKeys":{}}},"pendingPreKey":{"signedKeyId":1,"baseKey":"BcZBhsKSXi1uE47K2/tM69LslnlOnWm0LjxhRvS4NrhB","preKeyId":19}}},"version":"v1"}