{"_sessions":{"BWZQDfCc5yWa6dN69M5+P59gY7eJg5cupPNSoIPploh8":{"registrationId":2017467288,"currentRatchet":{"ephemeralKeyPair":{"pubKey":"BeNM6rZq03iIJaKrYIJDpJ/a4Oj3qGBiT6ZpmtCmNlEj","privKey":"+JtDKG1VfD9wmFBl8LEBVrZk7PT6id7S6lz6J0Kekng="},"lastRemoteEphemeralKey":"BSecSnNCBzIKxif3hldq9CRdbg0XdG0oMxPlBZatvG5e","previousCounter":0,"rootKey":"e8tz1HgecHUrvZQy9zawAeESTDo3keBH2tjFMZ8OstA="},"indexInfo":{"baseKey":"BWZQDfCc5yWa6dN69M5+P59gY7eJg5cupPNSoIPploh8","baseKeyType":1,"closed":-1,"used":1757648565467,"created":1757648565467,"remoteIdentityKey":"BbF43GvbDf3x0wVNjATyISzNaXwkh+u5Uvn8xqA63J9V"},"_chains":{"BeNM6rZq03iIJaKrYIJDpJ/a4Oj3qGBiT6ZpmtCmNlEj":{"chainKey":{"counter":0,"key":"lvIABPsWduH1vSw90uA8QiEl0gtKL8g1SsWczulPH/E="},"chainType":1,"messageKeys":{}}},"pendingPreKey":{"signedKeyId":2,"baseKey":"BWZQDfCc5yWa6dN69M5+P59gY7eJg5cupPNSoIPploh8","preKeyId":13317622}}},"version":"v1"}