{"_sessions":{"BTfrlKrTxn2vLbk/302eDkVmXp+yrjz3vhyVMOR9J/Ut":{"registrationId":2073950373,"currentRatchet":{"ephemeralKeyPair":{"pubKey":"BcQ7NxHqBM/0tKRgi94oSsCze2hGd+0a8EPjmz4pXOh+","privKey":"qN4yl0F7Z00f8UX9zQycRDfEFnRoE5Xvlx3ciVnQIVs="},"lastRemoteEphemeralKey":"Ba9lOxrO7sOvi1xzeXV2UFw2c3GAPxbMMUI4rifHnLs8","previousCounter":2,"rootKey":"rYSR3+Xrvs3FjuTEL5C4xoYG9RxsnMOa+1+50fMwHGI="},"indexInfo":{"baseKey":"BTfrlKrTxn2vLbk/302eDkVmXp+yrjz3vhyVMOR9J/Ut","baseKeyType":2,"closed":-1,"used":1757648515843,"created":1757647758388,"remoteIdentityKey":"BYNtqhOgG9k8VQ/ZIpwYc1IcVUcuikkWWZ/s646FGNx0"},"_chains":{"BVJzSEBsbMWYFMB6wrmuF+d+30yWOuZvrm1u6xoNUols":{"chainKey":{"counter":5},"chainType":2,"messageKeys":{}},"BdpU6ucz6IKqOWlxk+k12uoYivkWtUlHCX7pgICdDitw":{"chainKey":{"counter":1},"chainType":2,"messageKeys":{}},"BTKKk/5D7JIfp9QMk+cY2FkDYnw6bDOPSCbI3VeKyC9r":{"chainKey":{"counter":1},"chainType":2,"messageKeys":{}},"BXyYgpFDJL4/xKzk2Wg/RzKIPbtkXga0ba9DkYmwGbYt":{"chainKey":{"counter":1},"chainType":2,"messageKeys":{}},"Ba9lOxrO7sOvi1xzeXV2UFw2c3GAPxbMMUI4rifHnLs8":{"chainKey":{"counter":3,"key":"nTqcIfD7YXI6LlUxu2pf2E6KSYfr43ce9hiKlVJKuDs="},"chainType":2,"messageKeys":{}},"BcQ7NxHqBM/0tKRgi94oSsCze2hGd+0a8EPjmz4pXOh+":{"chainKey":{"counter":-1,"key":"E0rxSthftmGDdsnoABhPPLd/T5oEqPPPDEoC3fhPalc="},"chainType":1,"messageKeys":{}}}}},"version":"v1"}