{"_sessions":{"BVPaUsvJGzwxLJwRpQcc8t8e9dx6gDU/4qbM3pinDcAE":{"registrationId":63,"currentRatchet":{"ephemeralKeyPair":{"pubKey":"BeevFy4oZYmsxkXR6Lcs8b+QtIDr3cfymHQc9ntREpl0","privKey":"KPt1uatgzQGUol8ysqD85gk2z2qD60DxrN1iyWx43Fo="},"lastRemoteEphemeralKey":"BS1tFaqtX6vCjADv3nkHQPVW7+LV9F5RGsd3VJFWG6Qp","previousCounter":0,"rootKey":"lGsg+Xi5RFWgtXD2UMCTtYA7huC7ovhon8Q7X6D2StI="},"indexInfo":{"baseKey":"BVPaUsvJGzwxLJwRpQcc8t8e9dx6gDU/4qbM3pinDcAE","baseKeyType":1,"closed":-1,"used":1757647773918,"created":1757647773918,"remoteIdentityKey":"BeqGregO/iD1ZWWIoiknRZH8sDSiO5fvp3WtJzFT++EB"},"_chains":{"BeevFy4oZYmsxkXR6Lcs8b+QtIDr3cfymHQc9ntREpl0":{"chainKey":{"counter":5,"key":"7kCAOTEgzdo4mRwIHY6ziEmT5YnDMl6/H3gtXrsydy0="},"chainType":1,"messageKeys":{}}},"pendingPreKey":{"signedKeyId":1,"baseKey":"BVPaUsvJGzwxLJwRpQcc8t8e9dx6gDU/4qbM3pinDcAE","preKeyId":7}}},"version":"v1"}